,signal,bat_id_1,bat_id_2,feeder,pump,condition
05-11-2019-23:30:32,,,,no_bat,,L reward
05-11-2019-23:30:33,play,,,,,L reward
05-11-2019-23:30:34,,,,no_bat,,L reward
05-11-2019-23:30:35,,,,no_bat,,L reward
05-11-2019-23:30:36,,,,no_bat,,L reward
05-11-2019-23:30:37,,,,no_bat,,L reward
05-11-2019-23:30:38,,,,no_bat,,L reward
05-11-2019-23:30:39,,,,no_bat,,L reward
05-11-2019-23:30:40,,,,no_bat,,L reward
05-11-2019-23:30:41,,,,no_bat,,L reward
05-11-2019-23:30:42,,,,no_bat,,L reward
05-11-2019-23:30:43,,,,no_bat,,L reward
05-11-2019-23:30:44,,['307410CD2C040B4000000001'],,b'101',,L reward
05-11-2019-23:30:45,,['307410CD2C040B4000000001'],,b'101',no 1,L reward
05-11-2019-23:30:46,,['307410CD2C040B4000000001'],,b'101',,L reward
05-11-2019-23:30:47,,['307410CD2C040B4000000001'],,b'101',,L reward
05-11-2019-23:30:48,,['307410CD2C040B4000000001'],,b'101',,L reward
05-11-2019-23:30:49,,['307410CD2C040B4000000001'],,b'101',,L reward
05-11-2019-23:30:50,,['307410CD2C040B4000000001'],,b'101',,L reward
05-11-2019-23:30:51,,['307410CD2C040B4000000001'],,b'101',,L reward
05-11-2019-23:30:52,,['307410CD2C040B4000000001'],,b'101',,L reward
05-11-2019-23:30:53,,['307410CD2C040B4000000001'],,b'101',,L reward
05-11-2019-23:30:54,,['307410CD2C040B4000000001'],,b'101',,L reward
05-11-2019-23:30:55,,['307410CD2C040B4000000001'],,b'101',,L reward
05-11-2019-23:30:56,,['307410CD2C040B4000000001'],,b'101',,L reward
05-11-2019-23:30:57,,['307410CD2C040B4000000001'],,b'101',,L reward
05-11-2019-23:30:58,,['307410CD2C040B4000000001'],,b'101',,L reward
05-11-2019-23:30:59,,['307410CD2C040B4000000001'],,b'101',,L reward
05-11-2019-23:31:00,,['307410CD2C040B4000000001'],,b'102',,L reward
05-11-2019-23:31:01,,['307410CD2C040B4000000001'],,b'102',,L reward
05-11-2019-23:31:02,,['307410CD2C040B4000000001'],,b'102',,L reward
05-11-2019-23:31:03,,['307410CD2C040B4000000001'],,b'102',,L reward
05-11-2019-23:31:04,,['307410CD2C040B4000000001'],,b'102',,L reward
05-11-2019-23:31:05,play,,,no_bat,,L reward
05-11-2019-23:31:06,,,,no_bat,,L reward
05-11-2019-23:31:07,,,,no_bat,,L reward
05-11-2019-23:31:08,,,,no_bat,,L reward
05-11-2019-23:31:09,,,,no_bat,,L reward
05-11-2019-23:31:10,,,,no_bat,,L reward
05-11-2019-23:31:11,,,,no_bat,,L reward
05-11-2019-23:31:12,,,,no_bat,,L reward
05-11-2019-23:31:13,,,,no_bat,,L reward
05-11-2019-23:31:14,,,,no_bat,,L reward
05-11-2019-23:31:15,,,,no_bat,,L reward
05-11-2019-23:31:16,,,,no_bat,,L reward
05-11-2019-23:31:17,,,,no_bat,,L reward
05-11-2019-23:31:18,,,,no_bat,,L reward
05-11-2019-23:31:19,,,,no_bat,,L reward
05-11-2019-23:31:20,,,,no_bat,,L reward
05-11-2019-23:31:21,,,,no_bat,,L reward
05-11-2019-23:31:22,,,,no_bat,,L reward
05-11-2019-23:31:23,,,,no_bat,,L reward
05-11-2019-23:31:24,,,,no_bat,,L reward
05-11-2019-23:31:25,,,,no_bat,,L reward
05-11-2019-23:31:26,,,,no_bat,,L reward
05-11-2019-23:31:27,play,,,no_bat,,L reward
05-11-2019-23:31:28,,,,no_bat,,L reward
05-11-2019-23:31:29,,,,no_bat,,L reward
05-11-2019-23:31:30,,,,no_bat,,L reward
05-11-2019-23:31:31,,,,no_bat,,L reward
05-11-2019-23:31:32,,,,no_bat,,L reward
05-11-2019-23:31:33,,,,no_bat,,L reward
05-11-2019-23:31:34,,,,no_bat,,L reward
05-11-2019-23:31:35,,,,no_bat,,L reward
05-11-2019-23:31:36,,,,no_bat,,L reward
05-11-2019-23:31:37,,,,no_bat,,L reward
05-11-2019-23:31:38,,,,no_bat,,L reward
05-11-2019-23:31:39,,,,no_bat,,L reward
05-11-2019-23:31:40,,,,no_bat,,L reward
05-11-2019-23:31:41,,,,no_bat,,L reward
05-11-2019-23:31:42,,,,no_bat,,L reward
05-11-2019-23:31:43,,,,no_bat,,L reward
05-11-2019-23:31:44,,,,no_bat,,L reward
05-11-2019-23:31:45,,,,no_bat,,L reward
05-11-2019-23:31:46,,,,no_bat,,L reward
05-11-2019-23:31:47,,,,no_bat,,L reward
05-11-2019-23:31:48,,,,no_bat,,L reward
05-11-2019-23:31:49,play,,,no_bat,,L reward
05-11-2019-23:31:50,,,,no_bat,,L reward
05-11-2019-23:31:51,,,,no_bat,,L reward
05-11-2019-23:31:52,,,,no_bat,,L reward
05-11-2019-23:31:53,,,,no_bat,,L reward
05-11-2019-23:31:54,,,,no_bat,,L reward
05-11-2019-23:31:55,,,,no_bat,,L reward
05-11-2019-23:31:56,,,,no_bat,,L reward
05-11-2019-23:31:57,,,,no_bat,,L reward
05-11-2019-23:31:58,,,,no_bat,,L reward
05-11-2019-23:31:59,,,,no_bat,,L reward
05-11-2019-23:32:00,,,,no_bat,,L reward
05-11-2019-23:32:01,,,,no_bat,,L reward
05-11-2019-23:32:02,,,,no_bat,,L reward
05-11-2019-23:32:03,,,,no_bat,,L reward
05-11-2019-23:32:04,,,,no_bat,,L reward
05-11-2019-23:32:05,,,,no_bat,,L reward
05-11-2019-23:32:06,,,,no_bat,,L reward
05-11-2019-23:32:07,,,,no_bat,,L reward
05-11-2019-23:32:08,,,,no_bat,,L reward
05-11-2019-23:32:09,,,,no_bat,,L reward
05-11-2019-23:32:10,,,,no_bat,,L reward
05-11-2019-23:32:11,play,,,no_bat,,L reward
05-11-2019-23:32:12,,,,no_bat,,L reward
05-11-2019-23:32:13,,,,no_bat,,L reward
05-11-2019-23:32:14,,,,no_bat,,L reward
05-11-2019-23:32:15,,,,no_bat,,L reward
05-11-2019-23:32:16,,,,no_bat,,L reward
05-11-2019-23:32:17,,,,no_bat,,L reward
05-11-2019-23:32:18,,,,no_bat,,L reward
05-11-2019-23:32:19,,,,no_bat,,L reward
05-11-2019-23:32:20,,,,no_bat,,L reward
05-11-2019-23:32:21,,,,no_bat,,L reward
05-11-2019-23:32:22,,,,no_bat,,L reward
05-11-2019-23:32:23,,,,no_bat,,L reward
05-11-2019-23:32:24,,,,no_bat,,L reward
05-11-2019-23:32:25,,,,no_bat,,L reward
05-11-2019-23:32:26,,,,no_bat,,L reward
05-11-2019-23:32:27,,,,no_bat,,L reward
05-11-2019-23:32:28,,,,no_bat,,L reward
05-11-2019-23:32:29,,,,no_bat,,L reward
05-11-2019-23:32:30,,,,no_bat,,L reward
05-11-2019-23:32:31,,,,no_bat,,L reward
05-11-2019-23:32:32,play,,,,,L reward
05-11-2019-23:32:33,,,,no_bat,,L reward
05-11-2019-23:32:34,,,,no_bat,,L reward
05-11-2019-23:32:35,,,,no_bat,,L reward
05-11-2019-23:32:36,,,,no_bat,,L reward
05-11-2019-23:32:37,,,,no_bat,,L reward
05-11-2019-23:32:38,,,,no_bat,,L reward
05-11-2019-23:32:39,,,,no_bat,,L reward
05-11-2019-23:32:40,,,,no_bat,,L reward
05-11-2019-23:32:41,,,,no_bat,,L reward
05-11-2019-23:32:42,,,,no_bat,,L reward
05-11-2019-23:32:43,,,,no_bat,,L reward
05-11-2019-23:32:44,,,,no_bat,,L reward
05-11-2019-23:32:45,,,,no_bat,,L reward
05-11-2019-23:32:46,,,,no_bat,,L reward
05-11-2019-23:32:47,,,,no_bat,,L reward
05-11-2019-23:32:48,,,,no_bat,,L reward
05-11-2019-23:32:49,,,,no_bat,,L reward
05-11-2019-23:32:50,,,,no_bat,,L reward
05-11-2019-23:32:51,,,,no_bat,,L reward
05-11-2019-23:32:52,,,,no_bat,,L reward
05-11-2019-23:32:53,,,,no_bat,,L reward
05-11-2019-23:32:54,play,,,no_bat,,L reward
05-11-2019-23:32:55,,,,no_bat,,L reward
05-11-2019-23:32:56,,,,no_bat,,L reward
05-11-2019-23:32:57,,,,no_bat,,L reward
05-11-2019-23:32:58,,,,no_bat,,L reward
05-11-2019-23:32:59,,,,no_bat,,L reward
05-11-2019-23:33:00,,,,no_bat,,L reward
05-11-2019-23:33:01,,,,no_bat,,L reward
05-11-2019-23:33:02,,,,no_bat,,L reward
05-11-2019-23:33:03,,,,no_bat,,L reward
05-11-2019-23:33:04,,,,no_bat,,L reward
05-11-2019-23:33:05,,,,no_bat,,L reward
05-11-2019-23:33:06,,,,no_bat,,L reward
05-11-2019-23:33:07,,,,no_bat,,L reward
05-11-2019-23:33:08,,,,no_bat,,L reward
05-11-2019-23:33:09,,,,no_bat,,L reward
05-11-2019-23:33:10,,,,no_bat,,L reward
05-11-2019-23:33:11,,,,no_bat,,L reward
05-11-2019-23:33:12,,,,no_bat,,L reward
05-11-2019-23:33:13,,,,no_bat,,L reward
05-11-2019-23:33:14,,,,no_bat,,L reward
05-11-2019-23:33:15,,,,no_bat,,L reward
05-11-2019-23:33:16,play,,,no_bat,,L reward
05-11-2019-23:33:17,,,,no_bat,,L reward
05-11-2019-23:33:18,,,,no_bat,,L reward
05-11-2019-23:33:19,,,,no_bat,,L reward
05-11-2019-23:33:20,,,,no_bat,,L reward
05-11-2019-23:33:21,,,,no_bat,,L reward
05-11-2019-23:33:22,,,,no_bat,,L reward
05-11-2019-23:33:23,,,,no_bat,,L reward
05-11-2019-23:33:24,,,,no_bat,,L reward
05-11-2019-23:33:25,,,,no_bat,,L reward
05-11-2019-23:33:26,,,,no_bat,,L reward
05-11-2019-23:33:27,,,,no_bat,,L reward
05-11-2019-23:33:28,,,,no_bat,,L reward
05-11-2019-23:33:29,,,,no_bat,,L reward
05-11-2019-23:33:30,,,,no_bat,,L reward
05-11-2019-23:33:31,,,,no_bat,,L reward
05-11-2019-23:33:32,,,,no_bat,,L reward
05-11-2019-23:33:33,,,,no_bat,,L reward
05-11-2019-23:33:34,,,,no_bat,,L reward
05-11-2019-23:33:35,,,,no_bat,,L reward
05-11-2019-23:33:36,,,,no_bat,,L reward
05-11-2019-23:33:37,,,,no_bat,,L reward
05-11-2019-23:33:38,play,,,no_bat,,L reward
05-11-2019-23:33:39,,,,no_bat,,L reward
05-11-2019-23:33:40,,,,no_bat,,L reward
05-11-2019-23:33:41,,,,no_bat,,L reward
05-11-2019-23:33:42,,,,no_bat,,L reward
05-11-2019-23:33:43,,,,no_bat,,L reward
05-11-2019-23:33:44,,,,no_bat,,L reward
05-11-2019-23:33:45,,,,no_bat,,L reward
05-11-2019-23:33:46,,,,no_bat,,L reward
05-11-2019-23:33:47,,,,no_bat,,L reward
05-11-2019-23:33:48,,,,no_bat,,L reward
05-11-2019-23:33:49,,,,no_bat,,L reward
05-11-2019-23:33:50,,,,no_bat,,L reward
05-11-2019-23:33:51,,,,no_bat,,L reward
05-11-2019-23:33:52,,,,no_bat,,L reward
05-11-2019-23:33:53,,,,no_bat,,L reward
05-11-2019-23:33:54,,,,no_bat,,L reward
05-11-2019-23:33:55,,,,no_bat,,L reward
05-11-2019-23:33:56,,,,no_bat,,L reward
05-11-2019-23:33:57,,,,no_bat,,L reward
05-11-2019-23:33:58,,,,no_bat,,L reward
05-11-2019-23:33:59,play,,,no_bat,,L reward
05-11-2019-23:34:00,,,,no_bat,,L reward
05-11-2019-23:34:01,,,,no_bat,,L reward
05-11-2019-23:34:02,,,,no_bat,,L reward
05-11-2019-23:34:03,,,,no_bat,,L reward
05-11-2019-23:34:04,,,,no_bat,,L reward
05-11-2019-23:34:05,,,,no_bat,,L reward
05-11-2019-23:34:06,,,,no_bat,,L reward
05-11-2019-23:34:07,,,,no_bat,,L reward
05-11-2019-23:34:08,,,,no_bat,,L reward
05-11-2019-23:34:09,,,,no_bat,,L reward
05-11-2019-23:34:10,,,,no_bat,,L reward
05-11-2019-23:34:11,,,,no_bat,,L reward
05-11-2019-23:34:12,,,,no_bat,,L reward
05-11-2019-23:34:13,,,,no_bat,,L reward
05-11-2019-23:34:14,,,,no_bat,,L reward
05-11-2019-23:34:15,,,,no_bat,,L reward
05-11-2019-23:34:16,,,,no_bat,,L reward
05-11-2019-23:34:17,,,,no_bat,,L reward
05-11-2019-23:34:18,,,,no_bat,,L reward
05-11-2019-23:34:19,,,,no_bat,,L reward
05-11-2019-23:34:20,,,,no_bat,,L reward
05-11-2019-23:34:21,play,,,no_bat,,L reward
05-11-2019-23:34:22,,,,no_bat,,L reward
05-11-2019-23:34:23,,,,no_bat,,L reward
05-11-2019-23:34:24,,,,no_bat,,L reward
05-11-2019-23:34:25,,,,no_bat,,L reward
05-11-2019-23:34:26,,,,no_bat,,L reward
05-11-2019-23:34:27,,,,no_bat,,L reward
05-11-2019-23:34:28,,,,no_bat,,L reward
05-11-2019-23:34:29,,,,no_bat,,L reward
05-11-2019-23:34:30,,,,no_bat,,L reward
05-11-2019-23:34:31,,,,no_bat,,L reward
05-11-2019-23:34:32,,,,no_bat,,L reward
05-11-2019-23:34:33,,,,no_bat,,L reward
05-11-2019-23:34:34,,,,no_bat,,L reward
05-11-2019-23:34:35,,,,no_bat,,L reward
05-11-2019-23:34:36,,,,no_bat,,L reward
05-11-2019-23:34:37,,,,no_bat,,L reward
05-11-2019-23:34:38,,,,no_bat,,L reward
05-11-2019-23:34:39,,,,no_bat,,L reward
05-11-2019-23:34:40,,,,no_bat,,L reward
05-11-2019-23:34:41,,,,no_bat,,L reward
05-11-2019-23:34:42,,,,no_bat,,L reward
05-11-2019-23:34:43,play,,,no_bat,,L reward
05-11-2019-23:34:44,,,,no_bat,,L reward
05-11-2019-23:34:45,,,,no_bat,,L reward
05-11-2019-23:34:46,,,,no_bat,,L reward
05-11-2019-23:34:47,,,,no_bat,,L reward
05-11-2019-23:34:48,,,,no_bat,,L reward
05-11-2019-23:34:49,,,,no_bat,,L reward
05-11-2019-23:34:50,,,,no_bat,,L reward
05-11-2019-23:34:51,,,,no_bat,,L reward
05-11-2019-23:34:52,,,,no_bat,,L reward
05-11-2019-23:34:53,,,,no_bat,,L reward
05-11-2019-23:34:54,,,,no_bat,,L reward
05-11-2019-23:34:55,,,,no_bat,,L reward
05-11-2019-23:34:56,,,,no_bat,,L reward
05-11-2019-23:34:57,,,,no_bat,,L reward
05-11-2019-23:34:58,,,,no_bat,,L reward
05-11-2019-23:34:59,,,,no_bat,,L reward
05-11-2019-23:35:00,,,,no_bat,,L reward
05-11-2019-23:35:01,,,,no_bat,,L reward
05-11-2019-23:35:02,,,,no_bat,,L reward
05-11-2019-23:35:03,,,,no_bat,,L reward
05-11-2019-23:35:04,,,,no_bat,,L reward
05-11-2019-23:35:05,play,,,no_bat,,L reward
05-11-2019-23:35:06,,,,no_bat,,L reward
05-11-2019-23:35:07,,,,no_bat,,L reward
05-11-2019-23:35:08,,,,no_bat,,L reward
05-11-2019-23:35:09,,,,no_bat,,L reward
05-11-2019-23:35:10,,,,no_bat,,L reward
05-11-2019-23:35:11,,,,no_bat,,L reward
05-11-2019-23:35:12,,,,no_bat,,L reward
05-11-2019-23:35:13,,,,no_bat,,L reward
05-11-2019-23:35:14,,,,no_bat,,L reward
05-11-2019-23:35:16,,,,no_bat,,L reward
05-11-2019-23:35:17,,,,no_bat,,L reward
05-11-2019-23:35:18,,,,no_bat,,L reward
05-11-2019-23:35:19,,,,no_bat,,L reward
05-11-2019-23:35:20,,,,no_bat,,L reward
05-11-2019-23:35:21,,,,no_bat,,L reward
05-11-2019-23:35:22,,,,no_bat,,L reward
05-11-2019-23:35:23,,,,no_bat,,L reward
05-11-2019-23:35:24,,,,no_bat,,L reward
05-11-2019-23:35:25,,,,no_bat,,L reward
05-11-2019-23:35:26,play,,,no_bat,,L reward
05-11-2019-23:35:27,,,,no_bat,,L reward
05-11-2019-23:35:28,,,,no_bat,,L reward
05-11-2019-23:35:29,,,,no_bat,,L reward
05-11-2019-23:35:30,,,,no_bat,,L reward
05-11-2019-23:35:31,,,,no_bat,,L reward
05-11-2019-23:35:32,,,,no_bat,,L reward
05-11-2019-23:35:33,,,,no_bat,,L reward
05-11-2019-23:35:34,,,,no_bat,,L reward
05-11-2019-23:35:35,,,,no_bat,,L reward
05-11-2019-23:35:36,,,,no_bat,,L reward
05-11-2019-23:35:38,,,,no_bat,,L reward
05-11-2019-23:35:39,,,,no_bat,,L reward
05-11-2019-23:35:40,,,,no_bat,,L reward
05-11-2019-23:35:41,,,,no_bat,,L reward
05-11-2019-23:35:42,,,,no_bat,,L reward
05-11-2019-23:35:43,,,,no_bat,,L reward
05-11-2019-23:35:44,,,,no_bat,,L reward
05-11-2019-23:35:45,,,,no_bat,,L reward
05-11-2019-23:35:46,,,,no_bat,,L reward
05-11-2019-23:35:47,,,,no_bat,,L reward
05-11-2019-23:35:48,play,,,,,L reward
05-11-2019-23:35:49,,,,no_bat,,L reward
05-11-2019-23:35:50,,,,no_bat,,L reward
05-11-2019-23:35:51,,,,no_bat,,L reward
05-11-2019-23:35:52,,,,no_bat,,L reward
05-11-2019-23:35:53,,,,no_bat,,L reward
05-11-2019-23:35:54,,,,no_bat,,L reward
05-11-2019-23:35:55,,,,no_bat,,L reward
05-11-2019-23:35:56,,,,no_bat,,L reward
05-11-2019-23:35:57,,,,no_bat,,L reward
05-11-2019-23:35:58,,,,no_bat,,L reward
05-11-2019-23:35:59,,,,no_bat,,L reward
05-11-2019-23:36:00,,,,no_bat,,L reward
05-11-2019-23:36:01,,,,no_bat,,L reward
05-11-2019-23:36:02,,,,no_bat,,L reward
05-11-2019-23:36:03,,,,no_bat,,L reward
05-11-2019-23:36:04,,,,no_bat,,L reward
05-11-2019-23:36:05,,,,no_bat,,L reward
05-11-2019-23:36:06,,,,no_bat,,L reward
05-11-2019-23:36:07,,,,no_bat,,L reward
05-11-2019-23:36:08,,,,no_bat,,L reward
05-11-2019-23:36:09,,,,no_bat,,L reward
05-11-2019-23:36:10,play,,,no_bat,,L reward
05-11-2019-23:36:11,,,,no_bat,,L reward
05-11-2019-23:36:12,,,,no_bat,,L reward
05-11-2019-23:36:13,,,,no_bat,,L reward
05-11-2019-23:36:14,,,,no_bat,,L reward
05-11-2019-23:36:15,,,,no_bat,,L reward
05-11-2019-23:36:16,,,,no_bat,,L reward
05-11-2019-23:36:17,,,,no_bat,,L reward
05-11-2019-23:36:18,,,,no_bat,,L reward
05-11-2019-23:36:19,,,,no_bat,,L reward
05-11-2019-23:36:20,,,,no_bat,,L reward
05-11-2019-23:36:21,,,,no_bat,,L reward
05-11-2019-23:36:22,,,,no_bat,,L reward
05-11-2019-23:36:23,,,,no_bat,,L reward
05-11-2019-23:36:24,,,,no_bat,,L reward
05-11-2019-23:36:25,,,,no_bat,,L reward
05-11-2019-23:36:26,,,,no_bat,,L reward
05-11-2019-23:36:27,,,,no_bat,,L reward
05-11-2019-23:36:28,,,,no_bat,,L reward
05-11-2019-23:36:29,,,,no_bat,,L reward
05-11-2019-23:36:30,,,,no_bat,,L reward
05-11-2019-23:36:31,,,,no_bat,,L reward
05-11-2019-23:36:32,play,,,no_bat,,L reward
05-11-2019-23:36:33,,,,no_bat,,L reward
05-11-2019-23:36:34,,,,no_bat,,L reward
05-11-2019-23:36:35,,,,no_bat,,L reward
05-11-2019-23:36:36,,,,no_bat,,L reward
05-11-2019-23:36:37,,,,no_bat,,L reward
05-11-2019-23:36:38,,,,no_bat,,L reward
05-11-2019-23:36:39,,,,no_bat,,L reward
05-11-2019-23:36:40,,,,no_bat,,L reward
05-11-2019-23:36:41,,,,no_bat,,L reward
05-11-2019-23:36:42,,,,no_bat,,L reward
05-11-2019-23:36:43,,,,no_bat,,L reward
05-11-2019-23:36:44,,,,no_bat,,L reward
05-11-2019-23:36:45,,,,no_bat,,L reward
05-11-2019-23:36:46,,,,no_bat,,L reward
05-11-2019-23:36:47,,,,no_bat,,L reward
05-11-2019-23:36:48,,,,no_bat,,L reward
05-11-2019-23:36:49,,,,no_bat,,L reward
05-11-2019-23:36:50,,,,no_bat,,L reward
05-11-2019-23:36:51,,,,no_bat,,L reward
05-11-2019-23:36:52,,,,no_bat,,L reward
05-11-2019-23:36:53,play,,,no_bat,,L reward
05-11-2019-23:36:54,,,,no_bat,,L reward
05-11-2019-23:36:55,,,,no_bat,,L reward
05-11-2019-23:36:56,,,,no_bat,,L reward
05-11-2019-23:36:57,,,,no_bat,,L reward
05-11-2019-23:36:58,,,,no_bat,,L reward
05-11-2019-23:36:59,,,,no_bat,,L reward
05-11-2019-23:37:00,,,,no_bat,,L reward
05-11-2019-23:37:01,,,,no_bat,,L reward
05-11-2019-23:37:02,,,,no_bat,,L reward
05-11-2019-23:37:03,,,,no_bat,,L reward
05-11-2019-23:37:04,,,,no_bat,,L reward
05-11-2019-23:37:05,,,,no_bat,,L reward
05-11-2019-23:37:06,,,,no_bat,,L reward
05-11-2019-23:37:07,,,,no_bat,,L reward
05-11-2019-23:37:08,,,,no_bat,,L reward
05-11-2019-23:37:09,,,,no_bat,,L reward
05-11-2019-23:37:10,,,,no_bat,,L reward
05-11-2019-23:37:11,,,,no_bat,,L reward
05-11-2019-23:37:12,,,,no_bat,,L reward
05-11-2019-23:37:13,,,,no_bat,,L reward
05-11-2019-23:37:14,,,,no_bat,,L reward
05-11-2019-23:37:15,play,,,no_bat,,L reward
05-11-2019-23:37:16,,,,no_bat,,L reward
05-11-2019-23:37:17,,,,no_bat,,L reward
05-11-2019-23:37:18,,,,no_bat,,L reward
05-11-2019-23:37:19,,,,no_bat,,L reward
05-11-2019-23:37:20,,,,no_bat,,L reward
05-11-2019-23:37:21,,,,no_bat,,L reward
05-11-2019-23:37:22,,,,no_bat,,L reward
05-11-2019-23:37:23,,,,no_bat,,L reward
05-11-2019-23:37:24,,,,no_bat,,L reward
05-11-2019-23:37:25,,,,no_bat,,L reward
05-11-2019-23:37:26,,,,no_bat,,L reward
05-11-2019-23:37:27,,,,no_bat,,L reward
05-11-2019-23:37:28,,,,no_bat,,L reward
05-11-2019-23:37:29,,,,no_bat,,L reward
05-11-2019-23:37:30,,,,no_bat,,L reward
05-11-2019-23:37:31,,,,no_bat,,L reward
05-11-2019-23:37:32,,,,no_bat,,L reward
05-11-2019-23:37:33,,,,no_bat,,L reward
05-11-2019-23:37:34,,,,no_bat,,L reward
05-11-2019-23:37:35,,,,no_bat,,L reward
05-11-2019-23:37:36,,,,no_bat,,L reward
05-11-2019-23:37:37,play,,,no_bat,,L reward
05-11-2019-23:37:38,,,,no_bat,,L reward
05-11-2019-23:37:39,,,,no_bat,,L reward
05-11-2019-23:37:40,,,,no_bat,,L reward
05-11-2019-23:37:41,,,,no_bat,,L reward
05-11-2019-23:37:42,,,,no_bat,,L reward
05-11-2019-23:37:43,,,,no_bat,,L reward
05-11-2019-23:37:44,,,,no_bat,,L reward
05-11-2019-23:37:45,,,,no_bat,,L reward
05-11-2019-23:37:46,,,,no_bat,,L reward
05-11-2019-23:37:47,,,,no_bat,,L reward
05-11-2019-23:37:48,,,,no_bat,,L reward
05-11-2019-23:37:49,,,,no_bat,,L reward
05-11-2019-23:37:50,,,,no_bat,,L reward
05-11-2019-23:37:51,,,,no_bat,,L reward
05-11-2019-23:37:52,,,,no_bat,,L reward
05-11-2019-23:37:53,,,,no_bat,,L reward
05-11-2019-23:37:54,,,,no_bat,,L reward
05-11-2019-23:37:55,,,,no_bat,,L reward
05-11-2019-23:37:56,,,,no_bat,,L reward
05-11-2019-23:37:57,,,,no_bat,,L reward
05-11-2019-23:37:58,,,,no_bat,,L reward
05-11-2019-23:37:59,play,['307410CD2C02D9C000000001'],,b'101',1,L reward
05-11-2019-23:38:00,,['307410CD2C02D9C000000001'],,b'101',,L reward
05-11-2019-23:38:01,,['307410CD2C02D9C000000001'],,b'101',,L reward
05-11-2019-23:38:02,,['307410CD2C02D9C000000001'],,b'101',,L reward
05-11-2019-23:38:03,,['307410CD2C02D9C000000001'],,b'101',,L reward
05-11-2019-23:38:04,,['307410CD2C02D9C000000001'],,b'101',,L reward
05-11-2019-23:38:05,,['307410CD2C02D9C000000001'],,b'101',,L reward
05-11-2019-23:38:06,,['307410CD2C02D9C000000001'],,b'101',,L reward
05-11-2019-23:38:07,,['307410CD2C02D9C000000001'],,b'101',,L reward
05-11-2019-23:38:08,,['307410CD2C02D9C000000001'],,b'101',,L reward
05-11-2019-23:38:09,,['307410CD2C02D9C000000001'],,b'101',,L reward
05-11-2019-23:38:10,,['307410CD2C02D9C000000001'],,b'101',,L reward
05-11-2019-23:38:11,,['307410CD2C02D9C000000001'],,b'101',,L reward
05-11-2019-23:38:12,,['307410CD2C02D9C000000001'],,b'101',,L reward
05-11-2019-23:38:13,,['307410CD2C02D9C000000001'],,b'101',,L reward
05-11-2019-23:38:14,,['307410CD2C02D9C000000001'],,b'101',,L reward
05-11-2019-23:38:15,,['307410CD2C02D9C000000001'],,b'101',,L reward
05-11-2019-23:38:16,,['307410CD2C02D9C000000001'],,b'101',,L reward
05-11-2019-23:38:17,,['307410CD2C02D9C000000001'],,b'101',,L reward
05-11-2019-23:38:18,,['307410CD2C02D9C000000001'],,b'101',,L reward
05-11-2019-23:38:19,,['307410CD2C02D9C000000001'],,b'101',,L reward
05-11-2019-23:38:20,,['307410CD2C02D9C000000001'],,b'101',,L reward
05-11-2019-23:38:21,,['307410CD2C02D9C000000001'],,b'101',,L reward
05-11-2019-23:38:22,,['307410CD2C02D9C000000001'],,b'101',,L reward
05-11-2019-23:38:23,,,,no_bat,,L reward
05-11-2019-23:38:24,play,,,no_bat,,L reward
05-11-2019-23:38:25,,,,no_bat,,L reward
05-11-2019-23:38:26,,,,no_bat,,L reward
05-11-2019-23:38:27,,,,no_bat,,L reward
05-11-2019-23:38:28,,,,no_bat,,L reward
05-11-2019-23:38:29,,,,no_bat,,L reward
05-11-2019-23:38:30,,,,no_bat,,L reward
05-11-2019-23:38:31,,,,no_bat,,L reward
05-11-2019-23:38:32,,,,no_bat,,L reward
05-11-2019-23:38:33,,,,no_bat,,L reward
05-11-2019-23:38:35,,,,no_bat,,L reward
05-11-2019-23:38:36,,,,no_bat,,L reward
05-11-2019-23:38:37,,,,no_bat,,L reward
05-11-2019-23:38:38,,,,no_bat,,L reward
05-11-2019-23:38:39,,,,no_bat,,L reward
05-11-2019-23:38:40,,,,no_bat,,L reward
05-11-2019-23:38:41,,,,no_bat,,L reward
05-11-2019-23:38:42,,,,no_bat,,L reward
05-11-2019-23:38:43,,,,no_bat,,L reward
05-11-2019-23:38:44,,,,no_bat,,L reward
05-11-2019-23:38:45,play,,,,,L reward
05-11-2019-23:38:46,,,,no_bat,,L reward
05-11-2019-23:38:47,,,,no_bat,,L reward
05-11-2019-23:38:48,,,,no_bat,,L reward
05-11-2019-23:38:49,,,,no_bat,,L reward
05-11-2019-23:38:50,,,,no_bat,,L reward
05-11-2019-23:38:51,,,,no_bat,,L reward
05-11-2019-23:38:52,,,,no_bat,,L reward
05-11-2019-23:38:53,,,,no_bat,,L reward
05-11-2019-23:38:54,,,,no_bat,,L reward
05-11-2019-23:38:55,,,,no_bat,,L reward
05-11-2019-23:38:56,,,,no_bat,,L reward
05-11-2019-23:38:57,,,,no_bat,,L reward
05-11-2019-23:38:58,,,,no_bat,,L reward
05-11-2019-23:38:59,,,,no_bat,,L reward
05-11-2019-23:39:00,,,,no_bat,,L reward
05-11-2019-23:39:01,,,,no_bat,,L reward
05-11-2019-23:39:02,,,,no_bat,,L reward
05-11-2019-23:39:03,,,,no_bat,,L reward
05-11-2019-23:39:04,,,,no_bat,,L reward
05-11-2019-23:39:05,,,,no_bat,,L reward
05-11-2019-23:39:06,,,,no_bat,,L reward
05-11-2019-23:39:07,play,,,,,L reward
05-11-2019-23:39:08,,,,no_bat,,L reward
05-11-2019-23:39:09,,,,no_bat,,L reward
05-11-2019-23:39:10,,,,no_bat,,L reward
05-11-2019-23:39:11,,,,no_bat,,L reward
05-11-2019-23:39:12,,['307410CD2C02D9C000000001'],,b'101',,L reward
05-11-2019-23:39:13,,['307410CD2C02D9C000000001'],,b'101',1,L reward
05-11-2019-23:39:14,,['307410CD2C02D9C000000001'],,b'101',,L reward
05-11-2019-23:39:15,,['307410CD2C02D9C000000001'],,b'101',,L reward
05-11-2019-23:39:16,,['307410CD2C02D9C000000001'],,b'101',,L reward
05-11-2019-23:39:17,,['307410CD2C02D9C000000001'],,b'101',,L reward
05-11-2019-23:39:18,,['307410CD2C02D9C000000001'],,b'101',,L reward
05-11-2019-23:39:19,,['307410CD2C02D9C000000001'],,b'101',,L reward
05-11-2019-23:39:20,,['307410CD2C02D9C000000001'],,b'101',,L reward
05-11-2019-23:39:21,,['307410CD2C02D9C000000001'],,b'101',,L reward
05-11-2019-23:39:22,,['307410CD2C02D9C000000001'],,b'101',,L reward
05-11-2019-23:39:23,,['307410CD2C02D9C000000001'],,b'101',,L reward
05-11-2019-23:39:24,,['307410CD2C02D9C000000001'],,b'101',,L reward
05-11-2019-23:39:25,,['307410CD2C02D9C000000001'],,b'101',,L reward
05-11-2019-23:39:26,,['307410CD2C02D9C000000001'],,b'101',,L reward
05-11-2019-23:39:27,,['307410CD2C02D9C000000001'],,b'101',,L reward
05-11-2019-23:39:28,,['307410CD2C02D9C000000001'],,b'101',,L reward
05-11-2019-23:39:29,,['307410CD2C02D9C000000001'],,b'101',,L reward
05-11-2019-23:39:30,,['307410CD2C02D9C000000001'],,b'101',,L reward
05-11-2019-23:39:31,,,,no_bat,,L reward
05-11-2019-23:39:32,play,,,no_bat,,L reward
05-11-2019-23:39:33,,,,no_bat,,L reward
05-11-2019-23:39:34,,,,no_bat,,L reward
05-11-2019-23:39:35,,,,no_bat,,L reward
05-11-2019-23:39:36,,,,no_bat,,L reward
05-11-2019-23:39:37,,,,no_bat,,L reward
05-11-2019-23:39:38,,,,no_bat,,L reward
05-11-2019-23:39:39,,,,no_bat,,L reward
05-11-2019-23:39:40,,,,no_bat,,L reward
05-11-2019-23:39:41,,,,no_bat,,L reward
05-11-2019-23:39:42,,,,no_bat,,L reward
05-11-2019-23:39:43,,,,no_bat,,L reward
05-11-2019-23:39:44,,,,no_bat,,L reward
05-11-2019-23:39:45,,,,no_bat,,L reward
05-11-2019-23:39:46,,,,no_bat,,L reward
05-11-2019-23:39:47,,,,no_bat,,L reward
05-11-2019-23:39:48,,,,no_bat,,L reward
05-11-2019-23:39:49,,,,no_bat,,L reward
05-11-2019-23:39:50,,,,no_bat,,L reward
05-11-2019-23:39:51,,,,no_bat,,L reward
05-11-2019-23:39:52,,,,no_bat,,L reward
05-11-2019-23:39:53,play,,,,,
05-11-2019-23:39:54,,,,no_bat,,L reward
05-11-2019-23:39:55,,,,no_bat,,L reward
05-11-2019-23:39:56,,,,no_bat,,L reward
05-11-2019-23:39:57,,,,no_bat,,L reward
05-11-2019-23:39:58,,,,no_bat,,L reward
05-11-2019-23:39:59,,,,no_bat,,L reward
05-11-2019-23:40:00,,,,no_bat,,L reward
05-11-2019-23:40:01,,,,no_bat,,L reward
05-11-2019-23:40:02,,,,no_bat,,L reward
05-11-2019-23:40:03,,,,no_bat,,L reward
05-11-2019-23:40:05,,,,no_bat,,L reward
05-11-2019-23:40:06,,,,no_bat,,L reward
05-11-2019-23:40:07,,,,no_bat,,L reward
05-11-2019-23:40:08,,,,no_bat,,L reward
05-11-2019-23:40:09,,,,no_bat,,L reward
05-11-2019-23:40:10,,,,no_bat,,L reward
05-11-2019-23:40:11,,,,no_bat,,L reward
05-11-2019-23:40:12,,,,no_bat,,L reward
05-11-2019-23:40:13,,,,no_bat,,L reward
05-11-2019-23:40:14,,,,no_bat,,L reward
05-11-2019-23:40:15,play,,,no_bat,,L reward
05-11-2019-23:40:16,,,,no_bat,,L reward
05-11-2019-23:40:17,,,,no_bat,,L reward
05-11-2019-23:40:18,,,,no_bat,,L reward
05-11-2019-23:40:19,,,,no_bat,,L reward
05-11-2019-23:40:20,,,,no_bat,,L reward
05-11-2019-23:40:21,,,,no_bat,,L reward
05-11-2019-23:40:22,,,,no_bat,,L reward
05-11-2019-23:40:23,,,,no_bat,,L reward
05-11-2019-23:40:24,,,,no_bat,,L reward
05-11-2019-23:40:25,,,,no_bat,,L reward
05-11-2019-23:40:26,,['307410CD2C02D9C000000001'],,b'101',,L reward
05-11-2019-23:40:27,,['307410CD2C02D9C000000001'],,b'101',1,L reward
05-11-2019-23:40:28,,['307410CD2C02D9C000000001'],,b'101',,L reward
05-11-2019-23:40:29,,['307410CD2C02D9C000000001'],,b'101',,L reward
05-11-2019-23:40:30,,['307410CD2C02D9C000000001'],,b'101',,L reward
05-11-2019-23:40:31,,['307410CD2C02D9C000000001'],,b'101',,L reward
05-11-2019-23:40:32,,['307410CD2C02D9C000000001'],,b'101',,L reward
05-11-2019-23:40:33,,['307410CD2C02D9C000000001'],,b'101',,L reward
05-11-2019-23:40:34,,,,no_bat,,L reward
05-11-2019-23:40:35,,,,no_bat,,L reward
05-11-2019-23:40:36,,,,no_bat,,L reward
05-11-2019-23:40:37,,,,no_bat,,L reward
05-11-2019-23:40:38,,,,no_bat,,L reward
05-11-2019-23:40:39,,,,no_bat,,L reward
05-11-2019-23:40:40,,,,no_bat,,L reward
05-11-2019-23:40:41,,,,no_bat,,L reward
05-11-2019-23:40:42,,,,no_bat,,L reward
05-11-2019-23:40:43,,,,no_bat,,L reward
05-11-2019-23:40:44,,,,no_bat,,L reward
05-11-2019-23:40:45,play,,,no_bat,,L reward
05-11-2019-23:40:46,,,,no_bat,,L reward
05-11-2019-23:40:47,,,,no_bat,,L reward
05-11-2019-23:40:48,,,,no_bat,,L reward
05-11-2019-23:40:49,,,,no_bat,,L reward
05-11-2019-23:40:50,,,,no_bat,,L reward
05-11-2019-23:40:51,,,,no_bat,,L reward
05-11-2019-23:40:52,,,,no_bat,,L reward
05-11-2019-23:40:53,,,,no_bat,,L reward
05-11-2019-23:40:54,,,,no_bat,,L reward
05-11-2019-23:40:55,,['307410CD2C040B4000000001'],,b'101',,L reward
05-11-2019-23:40:56,,['307410CD2C040B4000000001'],,b'101',1,L reward
05-11-2019-23:40:57,,['307410CD2C040B4000000001'],,b'101',,L reward
05-11-2019-23:40:58,,['307410CD2C040B4000000001'],,b'101',,L reward
05-11-2019-23:40:59,,['307410CD2C040B4000000001'],,b'101',,L reward
05-11-2019-23:41:00,,['307410CD2C040B4000000001'],,b'101',,L reward
05-11-2019-23:41:01,,['307410CD2C040B4000000001'],,b'101',,L reward
05-11-2019-23:41:02,,['307410CD2C040B4000000001'],,b'101',,L reward
05-11-2019-23:41:03,,['307410CD2C02D9C000000001'],,b'102',,L reward
05-11-2019-23:41:04,,['307410CD2C040B4000000001'],,b'101',,L reward
05-11-2019-23:41:05,,['307410CD2C040B4000000001'],,b'101',,L reward
05-11-2019-23:41:06,,['307410CD2C02D9C000000001'],,b'102',,L reward
05-11-2019-23:41:07,,['307410CD2C02D9C000000001'],,b'102',,L reward
05-11-2019-23:41:08,,['307410CD2C02D9C000000001'],,b'102',,L reward
05-11-2019-23:41:09,,['307410CD2C040B4000000001'],,b'101',,L reward
05-11-2019-23:41:10,,['307410CD2C040B4000000001'],,b'101',,L reward
05-11-2019-23:41:11,,['307410CD2C02D9C000000001'],,b'102',,L reward
05-11-2019-23:41:12,,['307410CD2C040B4000000001'],,b'101',,L reward
05-11-2019-23:41:13,,['307410CD2C040B4000000001'],,b'101',,L reward
05-11-2019-23:41:14,,['307410CD2C040B4000000001'],,b'101',,L reward
05-11-2019-23:41:15,,['307410CD2C040B4000000001'],,b'101',,L reward
05-11-2019-23:41:16,,['307410CD2C040B4000000001'],,b'101',,L reward
05-11-2019-23:41:17,,['307410CD2C040B4000000001'],,b'101',,L reward
05-11-2019-23:41:18,,['307410CD2C040B4000000001'],,b'101',,L reward
05-11-2019-23:41:19,,['307410CD2C040B4000000001'],,b'101',,L reward
05-11-2019-23:41:20,,['307410CD2C040B4000000001'],,b'101',,L reward
05-11-2019-23:41:21,,['307410CD2C040B4000000001'],,b'101',,L reward
05-11-2019-23:41:22,,['307410CD2C040B4000000001'],,b'102',,L reward
05-11-2019-23:41:23,,['307410CD2C040B4000000001'],,b'102',,L reward
05-11-2019-23:41:24,,['307410CD2C040B4000000001'],,b'102',,L reward
05-11-2019-23:41:25,,['307410CD2C040B4000000001'],,b'102',,L reward
05-11-2019-23:41:26,,['307410CD2C040B4000000001'],,b'102',,L reward
05-11-2019-23:41:27,,,,no_bat,,L reward
05-11-2019-23:41:28,play,,,no_bat,,L reward
05-11-2019-23:41:29,,,,no_bat,,L reward
05-11-2019-23:41:30,,,,no_bat,,L reward
05-11-2019-23:41:31,,,,no_bat,,L reward
05-11-2019-23:41:32,,,,no_bat,,L reward
05-11-2019-23:41:33,,,,no_bat,,L reward
05-11-2019-23:41:34,,,,no_bat,,L reward
05-11-2019-23:41:35,,,,no_bat,,L reward
05-11-2019-23:41:36,,,,no_bat,,L reward
05-11-2019-23:41:37,,,,no_bat,,L reward
05-11-2019-23:41:38,,,,no_bat,,L reward
05-11-2019-23:41:39,,,,no_bat,,L reward
05-11-2019-23:41:40,,,,no_bat,,L reward
05-11-2019-23:41:41,,,,no_bat,,L reward
05-11-2019-23:41:42,,,,no_bat,,L reward
05-11-2019-23:41:43,,,,no_bat,,L reward
05-11-2019-23:41:44,,,,no_bat,,L reward
05-11-2019-23:41:45,,,,no_bat,,L reward
05-11-2019-23:41:46,,,,no_bat,,L reward
05-11-2019-23:41:47,,,,no_bat,,L reward
05-11-2019-23:41:48,,,,no_bat,,L reward
05-11-2019-23:41:49,play,,,,,L reward
05-11-2019-23:41:50,,,,no_bat,,L reward
05-11-2019-23:41:51,,,,no_bat,,L reward
05-11-2019-23:41:52,,,,no_bat,,L reward
05-11-2019-23:41:53,,,,no_bat,,L reward
05-11-2019-23:41:54,,,,no_bat,,L reward
05-11-2019-23:41:55,,,,no_bat,,L reward
05-11-2019-23:41:56,,,,no_bat,,L reward
05-11-2019-23:41:57,,,,no_bat,,L reward
05-11-2019-23:41:58,,,,no_bat,,L reward
05-11-2019-23:41:59,,,,no_bat,,L reward
05-11-2019-23:42:00,,,,no_bat,,L reward
05-11-2019-23:42:01,,,,no_bat,,L reward
05-11-2019-23:42:02,,,,no_bat,,L reward
05-11-2019-23:42:03,,,,no_bat,,L reward
05-11-2019-23:42:04,,,,no_bat,,L reward
05-11-2019-23:42:05,,,,no_bat,,L reward
05-11-2019-23:42:06,,,,no_bat,,L reward
05-11-2019-23:42:07,,,,no_bat,,L reward
05-11-2019-23:42:08,,,,no_bat,,L reward
05-11-2019-23:42:09,,,,no_bat,,L reward
05-11-2019-23:42:10,,,,no_bat,,L reward
05-11-2019-23:42:11,play,,,no_bat,,L reward
05-11-2019-23:42:12,,,,no_bat,,L reward
05-11-2019-23:42:13,,,,no_bat,,L reward
05-11-2019-23:42:14,,,,no_bat,,L reward
05-11-2019-23:42:15,,,,no_bat,,L reward
05-11-2019-23:42:16,,,,no_bat,,L reward
05-11-2019-23:42:17,,,,no_bat,,L reward
05-11-2019-23:42:18,,,,no_bat,,L reward
05-11-2019-23:42:19,,['307410CD2C040B4000000001'],,b'101',,L reward
05-11-2019-23:42:20,,['307410CD2C040B4000000001'],,b'101',1,L reward
05-11-2019-23:42:21,,['307410CD2C040B4000000001'],,b'101',,L reward
05-11-2019-23:42:22,,['307410CD2C040B4000000001'],,b'101',,L reward
05-11-2019-23:42:23,,['307410CD2C040B4000000001'],,b'101',,L reward
05-11-2019-23:42:24,,['307410CD2C040B4000000001'],,b'101',,L reward
05-11-2019-23:42:25,,['307410CD2C040B4000000001'],,b'101',,L reward
05-11-2019-23:42:26,,['307410CD2C040B4000000001'],,b'101',,L reward
05-11-2019-23:42:27,,['307410CD2C040B4000000001'],,b'101',,L reward
05-11-2019-23:42:28,,['307410CD2C040B4000000001'],,b'101',,L reward
05-11-2019-23:42:29,,['307410CD2C040B4000000001'],,b'101',,L reward
05-11-2019-23:42:30,,['307410CD2C040B4000000001'],,b'101',,L reward
05-11-2019-23:42:31,,['307410CD2C040B4000000001'],,b'101',,L reward
05-11-2019-23:42:32,,['307410CD2C040B4000000001'],,b'101',,L reward
05-11-2019-23:42:33,,['307410CD2C040B4000000001'],,b'101',,L reward
05-11-2019-23:42:34,,['307410CD2C040B4000000001'],,b'101',,L reward
05-11-2019-23:42:35,,['307410CD2C040B4000000001'],,b'101',,L reward
05-11-2019-23:42:36,,['307410CD2C040B4000000001'],,b'101',,L reward
05-11-2019-23:42:37,,['307410CD2C040B4000000001'],,b'101',,L reward
05-11-2019-23:42:38,,['307410CD2C040B4000000001'],,b'101',,L reward
05-11-2019-23:42:39,,['307410CD2C040B4000000001'],,b'101',,L reward
05-11-2019-23:42:40,,['307410CD2C040B4000000001'],,b'101',,L reward
05-11-2019-23:42:41,,['307410CD2C040B4000000001'],,b'101',,L reward
05-11-2019-23:42:42,,['307410CD2C040B4000000001'],,b'101',,L reward
05-11-2019-23:42:43,,['307410CD2C040B4000000001'],,b'101',,L reward
05-11-2019-23:42:44,,['307410CD2C040B4000000001'],,b'101',,L reward
05-11-2019-23:42:45,play,,,no_bat,,L reward
05-11-2019-23:42:46,,['307410CD2C040B4000000001'],,b'102',no 2,L reward
05-11-2019-23:42:47,,['307410CD2C040B4000000001'],,b'102',,L reward
05-11-2019-23:42:48,,['307410CD2C040B4000000001'],,b'102',,L reward
05-11-2019-23:42:49,,['307410CD2C040B4000000001'],,b'102',,L reward
05-11-2019-23:42:50,,['307410CD2C040B4000000001'],,b'102',,L reward
05-11-2019-23:42:51,,['307410CD2C040B4000000001'],,b'102',,L reward
05-11-2019-23:42:52,,['307410CD2C040B4000000001'],,b'102',,L reward
05-11-2019-23:42:53,,['307410CD2C040B4000000001'],,b'102',,L reward
05-11-2019-23:42:54,,,,no_bat,,L reward
05-11-2019-23:42:55,,,,no_bat,,L reward
05-11-2019-23:42:56,,,,no_bat,,L reward
05-11-2019-23:42:57,,,,no_bat,,L reward
05-11-2019-23:42:58,,,,no_bat,,L reward
05-11-2019-23:42:59,,,,no_bat,,L reward
05-11-2019-23:43:00,,,,no_bat,,L reward
05-11-2019-23:43:01,,,,no_bat,,L reward
05-11-2019-23:43:02,,,,no_bat,,L reward
05-11-2019-23:43:03,,,,no_bat,,L reward
05-11-2019-23:43:04,,,,no_bat,,L reward
05-11-2019-23:43:05,,,,no_bat,,L reward
05-11-2019-23:43:06,,,,no_bat,,L reward
05-11-2019-23:43:07,,,,no_bat,,L reward
05-11-2019-23:43:08,,,,no_bat,,L reward
05-11-2019-23:43:09,,,,no_bat,,L reward
05-11-2019-23:43:10,,,,no_bat,,L reward
05-11-2019-23:43:11,,,,no_bat,,L reward
05-11-2019-23:43:12,,,,no_bat,,L reward
05-11-2019-23:43:13,,,,no_bat,,L reward
05-11-2019-23:43:14,,,,no_bat,,L reward
05-11-2019-23:43:15,,,,no_bat,,L reward
05-11-2019-23:43:16,play,,,no_bat,,L reward
05-11-2019-23:43:17,,,,no_bat,,L reward
05-11-2019-23:43:18,,,,no_bat,,L reward
05-11-2019-23:43:19,,,,no_bat,,L reward
05-11-2019-23:43:20,,,,no_bat,,L reward
05-11-2019-23:43:21,,,,no_bat,,L reward
05-11-2019-23:43:22,,,,no_bat,,L reward
05-11-2019-23:43:23,,,,no_bat,,L reward
05-11-2019-23:43:24,,,,no_bat,,L reward
05-11-2019-23:43:25,,,,no_bat,,L reward
05-11-2019-23:43:26,,,,no_bat,,L reward
05-11-2019-23:43:27,,,,no_bat,,L reward
05-11-2019-23:43:28,,,,no_bat,,L reward
05-11-2019-23:43:29,,,,no_bat,,L reward
05-11-2019-23:43:30,,,,no_bat,,L reward
05-11-2019-23:43:31,,,,no_bat,,L reward
05-11-2019-23:43:32,,,,no_bat,,L reward
05-11-2019-23:43:33,,,,no_bat,,L reward
05-11-2019-23:43:34,,,,no_bat,,L reward
05-11-2019-23:43:35,,,,no_bat,,L reward
05-11-2019-23:43:36,,['307410CD2C040B4000000001'],,b'101',,L reward
05-11-2019-23:43:37,,['307410CD2C040B4000000001'],,b'101',1,L reward
05-11-2019-23:43:38,,['307410CD2C040B4000000001'],,b'101',,L reward
05-11-2019-23:43:39,,['307410CD2C040B4000000001'],,b'101',,L reward
05-11-2019-23:43:40,,['307410CD2C02D9C000000001'],,b'101',,L reward
05-11-2019-23:43:41,,['307410CD2C040B4000000001'],,b'101',,L reward
05-11-2019-23:43:42,,['307410CD2C040B4000000001'],,b'101',,L reward
05-11-2019-23:43:43,,['307410CD2C02D9C000000001'],,b'101',,L reward
05-11-2019-23:43:44,,['307410CD2C040B4000000001'],,b'101',,L reward
05-11-2019-23:43:45,,['307410CD2C040B4000000001'],,b'101',,L reward
05-11-2019-23:43:46,,['307410CD2C040B4000000001'],,b'101',,L reward
05-11-2019-23:43:47,,['307410CD2C040B4000000001'],,b'101',,L reward
05-11-2019-23:43:48,,['307410CD2C040B4000000001'],,b'101',,L reward
05-11-2019-23:43:49,,['307410CD2C040B4000000001'],,b'101',,L reward
05-11-2019-23:43:50,,['307410CD2C040B4000000001'],,b'101',,L reward
05-11-2019-23:43:51,,['307410CD2C040B4000000001'],,b'101',,L reward
05-11-2019-23:43:52,,['307410CD2C02D9C000000001'],,b'101',,L reward
05-11-2019-23:43:53,,['307410CD2C040B4000000001'],,b'101',,L reward
05-11-2019-23:43:54,,['307410CD2C02D9C000000001'],,b'101',,L reward
05-11-2019-23:43:55,,['307410CD2C02D9C000000001'],,b'101',,L reward
05-11-2019-23:43:56,,['307410CD2C02D9C000000001'],,b'101',,L reward
05-11-2019-23:43:57,,['307410CD2C040B4000000001'],,b'101',,L reward
05-11-2019-23:43:58,,['307410CD2C040B4000000001'],,b'101',,L reward
05-11-2019-23:43:59,,['307410CD2C040B4000000001'],,b'101',,L reward
05-11-2019-23:44:00,,['307410CD2C040B4000000001'],,b'101',,L reward
05-11-2019-23:44:01,,['307410CD2C040B4000000001'],,b'101',,L reward
05-11-2019-23:44:02,,['307410CD2C040B4000000001'],,b'101',,L reward
05-11-2019-23:44:03,,['307410CD2C040B4000000001'],,b'101',,L reward
05-11-2019-23:44:04,,['307410CD2C040B4000000001'],,b'101',,L reward
05-11-2019-23:44:05,,['307410CD2C040B4000000001'],,b'101',,L reward
05-11-2019-23:44:06,,['307410CD2C040B4000000001'],,b'101',,L reward
05-11-2019-23:44:07,,['307410CD2C040B4000000001'],,b'101',,L reward
05-11-2019-23:44:08,,['307410CD2C040B4000000001'],,b'101',,L reward
05-11-2019-23:44:09,,['307410CD2C040B4000000001'],,b'101',,L reward
05-11-2019-23:44:10,play,,,no_bat,,L reward
05-11-2019-23:44:11,,,,no_bat,,L reward
05-11-2019-23:44:12,,,,no_bat,,L reward
05-11-2019-23:44:13,,,,no_bat,,L reward
05-11-2019-23:44:14,,,,no_bat,,L reward
05-11-2019-23:44:15,,,,no_bat,,L reward
05-11-2019-23:44:16,,,,no_bat,,L reward
05-11-2019-23:44:17,,,,no_bat,,L reward
05-11-2019-23:44:18,,,,no_bat,,L reward
05-11-2019-23:44:19,,,,no_bat,,L reward
05-11-2019-23:44:20,,,,no_bat,,L reward
05-11-2019-23:44:22,,,,no_bat,,L reward
05-11-2019-23:44:23,,,,no_bat,,L reward
05-11-2019-23:44:24,,,,no_bat,,L reward
05-11-2019-23:44:25,,,,no_bat,,L reward
05-11-2019-23:44:26,,,,no_bat,,L reward
05-11-2019-23:44:27,,,,no_bat,,L reward
05-11-2019-23:44:28,,,,no_bat,,L reward
05-11-2019-23:44:29,,,,no_bat,,L reward
05-11-2019-23:44:30,,,,no_bat,,L reward
05-11-2019-23:44:31,,,,no_bat,,L reward
05-11-2019-23:44:32,,,,no_bat,,L reward
05-11-2019-23:44:33,play,,,no_bat,,L reward
05-11-2019-23:44:34,,,,no_bat,,L reward
05-11-2019-23:44:35,,,,no_bat,,L reward
05-11-2019-23:44:36,,,,no_bat,,L reward
05-11-2019-23:44:37,,,,no_bat,,L reward
05-11-2019-23:44:38,,,,no_bat,,L reward
05-11-2019-23:44:39,,,,no_bat,,L reward
05-11-2019-23:44:40,,,,no_bat,,L reward
05-11-2019-23:44:41,,,,no_bat,,L reward
05-11-2019-23:44:42,,,,no_bat,,L reward
05-11-2019-23:44:43,,,,no_bat,,L reward
05-11-2019-23:44:44,,,,no_bat,,L reward
05-11-2019-23:44:45,,,,no_bat,,L reward
05-11-2019-23:44:46,,,,no_bat,,L reward
05-11-2019-23:44:47,,,,no_bat,,L reward
05-11-2019-23:44:48,,,,no_bat,,L reward
05-11-2019-23:44:49,,,,no_bat,,L reward
05-11-2019-23:44:50,,,,no_bat,,L reward
05-11-2019-23:44:51,,,,no_bat,,L reward
05-11-2019-23:44:52,,,,no_bat,,L reward
05-11-2019-23:44:53,,,,no_bat,,L reward
05-11-2019-23:44:54,play,,,,,L reward
05-11-2019-23:44:55,,,,no_bat,,L reward
05-11-2019-23:44:56,,,,no_bat,,L reward
05-11-2019-23:44:57,,,,no_bat,,L reward
05-11-2019-23:44:58,,,,no_bat,,L reward
05-11-2019-23:44:59,,,,no_bat,,L reward
05-11-2019-23:45:00,,,,no_bat,,L reward
05-11-2019-23:45:01,,,,no_bat,,L reward
05-11-2019-23:45:02,,,,no_bat,,L reward
05-11-2019-23:45:03,,,,no_bat,,L reward
05-11-2019-23:45:04,,,,no_bat,,L reward
05-11-2019-23:45:06,,,,no_bat,,L reward
05-11-2019-23:45:07,,,,no_bat,,L reward
05-11-2019-23:45:08,,,,no_bat,,L reward
05-11-2019-23:45:09,,,,no_bat,,L reward
05-11-2019-23:45:10,,,,no_bat,,L reward
05-11-2019-23:45:11,,,,no_bat,,L reward
05-11-2019-23:45:12,,,,no_bat,,L reward
05-11-2019-23:45:13,,,,no_bat,,L reward
05-11-2019-23:45:14,,,,no_bat,,L reward
05-11-2019-23:45:15,,,,no_bat,,L reward
05-11-2019-23:45:16,,,,no_bat,,L reward
05-11-2019-23:45:17,play,,,no_bat,,L reward
05-11-2019-23:45:18,,,,no_bat,,L reward
05-11-2019-23:45:19,,,,no_bat,,L reward
05-11-2019-23:45:20,,,,no_bat,,L reward
05-11-2019-23:45:21,,,,no_bat,,L reward
05-11-2019-23:45:22,,,,no_bat,,L reward
05-11-2019-23:45:23,,,,no_bat,,L reward
05-11-2019-23:45:24,,,,no_bat,,L reward
05-11-2019-23:45:25,,,,no_bat,,L reward
05-11-2019-23:45:26,,,,no_bat,,L reward
05-11-2019-23:45:28,,,,no_bat,,L reward
05-11-2019-23:45:29,,,,no_bat,,L reward
05-11-2019-23:45:30,,,,no_bat,,L reward
05-11-2019-23:45:31,,,,no_bat,,L reward
05-11-2019-23:45:32,,,,no_bat,,L reward
05-11-2019-23:45:33,,,,no_bat,,L reward
05-11-2019-23:45:34,,,,no_bat,,L reward
05-11-2019-23:45:35,,,,no_bat,,L reward
05-11-2019-23:45:36,,,,no_bat,,L reward
05-11-2019-23:45:37,,,,no_bat,,L reward
05-11-2019-23:45:38,play,,,no_bat,,L reward
05-11-2019-23:45:39,,['307410CD2C040B4000000001'],,b'101',,L reward
05-11-2019-23:45:40,,['307410CD2C040B4000000001'],,b'101',1,L reward
05-11-2019-23:45:41,,['307410CD2C040B4000000001'],,b'101',,L reward
05-11-2019-23:45:42,,['307410CD2C040B4000000001'],,b'101',,L reward
05-11-2019-23:45:43,,['307410CD2C040B4000000001'],,b'101',,L reward
05-11-2019-23:45:44,,['307410CD2C040B4000000001'],,b'101',,L reward
05-11-2019-23:45:45,,['307410CD2C040B4000000001'],,b'101',,L reward
05-11-2019-23:45:46,,['307410CD2C040B4000000001'],,b'101',,L reward
05-11-2019-23:45:47,,['307410CD2C040B4000000001'],,b'101',,L reward
05-11-2019-23:45:48,,['307410CD2C040B4000000001'],,b'101',,L reward
05-11-2019-23:45:49,,['307410CD2C040B4000000001'],,b'101',,L reward
05-11-2019-23:45:50,,['307410CD2C040B4000000001'],,b'101',,L reward
05-11-2019-23:45:51,,['307410CD2C040B4000000001'],,b'101',,L reward
05-11-2019-23:45:52,,['307410CD2C040B4000000001'],,b'101',,L reward
05-11-2019-23:45:53,,['307410CD2C040B4000000001'],,b'101',,L reward
05-11-2019-23:45:54,,['307410CD2C040B4000000001'],,b'101',,L reward
05-11-2019-23:45:55,,['307410CD2C040B4000000001'],,b'101',,L reward
05-11-2019-23:45:56,,['307410CD2C040B4000000001'],,b'101',,L reward
05-11-2019-23:45:57,,['307410CD2C040B4000000001'],,b'101',,L reward
05-11-2019-23:45:58,,['307410CD2C040B4000000001'],,b'101',,L reward
05-11-2019-23:45:59,,['307410CD2C040B4000000001'],,b'101',,L reward
05-11-2019-23:46:00,,['307410CD2C040B4000000001'],,b'101',,L reward
05-11-2019-23:46:01,,['307410CD2C040B4000000001'],,b'101',,L reward
05-11-2019-23:46:02,,['307410CD2C040B4000000001'],,b'101',,L reward
05-11-2019-23:46:03,,['307410CD2C040B4000000001'],,b'101',,L reward
05-11-2019-23:46:04,,['307410CD2C040B4000000001'],,b'101',,L reward
05-11-2019-23:46:05,,['307410CD2C040B4000000001'],,b'101',,L reward
05-11-2019-23:46:06,,['307410CD2C040B4000000001'],,b'101',,L reward
05-11-2019-23:46:07,,['307410CD2C040B4000000001'],,b'101',,L reward
05-11-2019-23:46:08,,['307410CD2C040B4000000001'],,b'101',,L reward
05-11-2019-23:46:09,,['307410CD2C040B4000000001'],,b'101',,L reward
05-11-2019-23:46:10,play,,,no_bat,,L reward
05-11-2019-23:46:11,,,,no_bat,,L reward
05-11-2019-23:46:12,,['307410CD2C040B4000000001'],,b'101',,L reward
05-11-2019-23:46:13,,['307410CD2C040B4000000001'],,b'101',1,L reward
05-11-2019-23:46:14,,['307410CD2C040B4000000001'],,b'101',,L reward
05-11-2019-23:46:15,,['307410CD2C040B4000000001'],,b'101',,L reward
05-11-2019-23:46:16,,['307410CD2C040B4000000001'],,b'101',,L reward
05-11-2019-23:46:17,,['307410CD2C040B4000000001'],,b'101',,L reward
05-11-2019-23:46:18,,['307410CD2C040B4000000001'],,b'101',,L reward
05-11-2019-23:46:19,,['307410CD2C040B4000000001'],,b'101',,L reward
05-11-2019-23:46:20,,['307410CD2C040B4000000001'],,b'101',,L reward
05-11-2019-23:46:21,,['307410CD2C040B4000000001'],,b'101',,L reward
05-11-2019-23:46:22,,['307410CD2C040B4000000001'],,b'101',,L reward
05-11-2019-23:46:23,,['307410CD2C040B4000000001'],,b'101',,L reward
05-11-2019-23:46:24,,['307410CD2C040B4000000001'],,b'101',,L reward
05-11-2019-23:46:25,,['307410CD2C040B4000000001'],,b'101',,L reward
05-11-2019-23:46:26,,['307410CD2C040B4000000001'],,b'101',,L reward
05-11-2019-23:46:27,,['307410CD2C040B4000000001'],,b'101',,L reward
05-11-2019-23:46:28,,['307410CD2C040B4000000001'],,b'101',,L reward
05-11-2019-23:46:29,,['307410CD2C040B4000000001'],,b'101',,L reward
05-11-2019-23:46:30,,['307410CD2C040B4000000001'],,b'101',,L reward
05-11-2019-23:46:31,,['307410CD2C040B4000000001'],,b'101',,L reward
05-11-2019-23:46:32,,['307410CD2C040B4000000001'],,b'101',,L reward
05-11-2019-23:46:33,,['307410CD2C040B4000000001'],,b'101',,L reward
05-11-2019-23:46:34,,['307410CD2C040B4000000001'],,b'101',,L reward
05-11-2019-23:46:35,,['307410CD2C040B4000000001'],,b'101',,L reward
05-11-2019-23:46:36,,['307410CD2C040B4000000001'],,b'101',,L reward
05-11-2019-23:46:37,play,,,no_bat,,L reward
05-11-2019-23:46:38,,,,no_bat,,L reward
05-11-2019-23:46:39,,,,no_bat,,L reward
05-11-2019-23:46:40,,,,no_bat,,L reward
05-11-2019-23:46:41,,,,no_bat,,L reward
05-11-2019-23:46:42,,,,no_bat,,L reward
05-11-2019-23:46:43,,,,no_bat,,L reward
05-11-2019-23:46:44,,,,no_bat,,L reward
05-11-2019-23:46:45,,,,no_bat,,L reward
05-11-2019-23:46:46,,,,no_bat,,L reward
05-11-2019-23:46:47,,,,no_bat,,L reward
05-11-2019-23:46:48,,,,no_bat,,L reward
05-11-2019-23:46:49,,,,no_bat,,L reward
05-11-2019-23:46:50,,,,no_bat,,L reward
05-11-2019-23:46:51,,,,no_bat,,L reward
05-11-2019-23:46:52,,,,no_bat,,L reward
05-11-2019-23:46:53,,,,no_bat,,L reward
05-11-2019-23:46:54,,,,no_bat,,L reward
05-11-2019-23:46:55,,,,no_bat,,L reward
05-11-2019-23:46:56,,,,no_bat,,L reward
05-11-2019-23:46:57,,,,no_bat,,L reward
05-11-2019-23:46:58,,,,no_bat,,L reward
05-11-2019-23:46:59,play,,,no_bat,,L reward
05-11-2019-23:47:00,,,,no_bat,,L reward
05-11-2019-23:47:01,,,,no_bat,,L reward
05-11-2019-23:47:02,,,,no_bat,,L reward
05-11-2019-23:47:03,,,,no_bat,,L reward
05-11-2019-23:47:04,,,,no_bat,,L reward
05-11-2019-23:47:05,,,,no_bat,,L reward
05-11-2019-23:47:06,,,,no_bat,,L reward
05-11-2019-23:47:07,,,,no_bat,,L reward
05-11-2019-23:47:08,,,,no_bat,,L reward
05-11-2019-23:47:09,,,,no_bat,,L reward
05-11-2019-23:47:11,,,,no_bat,,L reward
05-11-2019-23:47:12,,,,no_bat,,L reward
05-11-2019-23:47:13,,,,no_bat,,L reward
05-11-2019-23:47:14,,,,no_bat,,L reward
05-11-2019-23:47:15,,,,no_bat,,L reward
05-11-2019-23:47:16,,,,no_bat,,L reward
05-11-2019-23:47:17,,,,no_bat,,L reward
05-11-2019-23:47:18,,['307410CD2C02D9C000000001'],,b'101',,L reward
05-11-2019-23:47:19,,['307410CD2C02D9C000000001'],,b'101',1,L reward
05-11-2019-23:47:20,,['307410CD2C02D9C000000001'],,b'101',,L reward
05-11-2019-23:47:21,,['307410CD2C02D9C000000001'],,b'101',,L reward
05-11-2019-23:47:22,,['307410CD2C02D9C000000001'],,b'101',,L reward
05-11-2019-23:47:23,,['307410CD2C02D9C000000001'],,b'101',,L reward
05-11-2019-23:47:24,,['307410CD2C02D9C000000001'],,b'101',,L reward
05-11-2019-23:47:25,,['307410CD2C02D9C000000001'],,b'101',,L reward
05-11-2019-23:47:26,,['307410CD2C02D9C000000001'],,b'101',,L reward
05-11-2019-23:47:27,,,,no_bat,,L reward
05-11-2019-23:47:28,play,,,no_bat,,L reward
05-11-2019-23:47:29,,,,no_bat,,L reward
05-11-2019-23:47:30,,,,no_bat,,L reward
05-11-2019-23:47:31,,,,no_bat,,L reward
05-11-2019-23:47:32,,,,no_bat,,L reward
05-11-2019-23:47:33,,,,no_bat,,L reward
05-11-2019-23:47:34,,,,no_bat,,L reward
05-11-2019-23:47:35,,,,no_bat,,L reward
05-11-2019-23:47:36,,['307410CD2C02D9C000000001'],,b'101',,L reward
05-11-2019-23:47:37,,,,,1,L reward
05-11-2019-23:47:38,,['307410CD2C02D9C000000001'],,b'101',,L reward
05-11-2019-23:47:39,,['307410CD2C02D9C000000001'],,b'101',,L reward
05-11-2019-23:47:40,,['307410CD2C02D9C000000001'],,b'101',,L reward
05-11-2019-23:47:41,,['307410CD2C02D9C000000001'],,b'101',,L reward
05-11-2019-23:47:42,,['307410CD2C02D9C000000001'],,b'101',,L reward
05-11-2019-23:47:43,,['307410CD2C02D9C000000001'],,b'101',,L reward
05-11-2019-23:47:44,,['307410CD2C02D9C000000001'],,b'101',,L reward
05-11-2019-23:47:45,,['307410CD2C02D9C000000001'],,b'101',,L reward
05-11-2019-23:47:46,,['307410CD2C02D9C000000001'],,b'101',,L reward
05-11-2019-23:47:47,,['307410CD2C02D9C000000001'],,b'101',,L reward
05-11-2019-23:47:48,,['307410CD2C02D9C000000001'],,b'101',,L reward
05-11-2019-23:47:49,,['307410CD2C02D9C000000001'],,b'101',,L reward
05-11-2019-23:47:50,,['307410CD2C02D9C000000001'],,b'101',,L reward
05-11-2019-23:47:51,,['307410CD2C02D9C000000001'],,b'101',,L reward
05-11-2019-23:47:52,,['307410CD2C02D9C000000001'],,b'101',,L reward
05-11-2019-23:47:53,,['307410CD2C02D9C000000001'],,b'101',,L reward
05-11-2019-23:47:54,,['307410CD2C02D9C000000001'],,b'101',,L reward
05-11-2019-23:47:55,,['307410CD2C02D9C000000001'],,b'101',,L reward
05-11-2019-23:47:56,,['307410CD2C02D9C000000001'],,b'101',,L reward
05-11-2019-23:47:57,play,,,no_bat,,L reward
05-11-2019-23:47:58,,,,no_bat,,L reward
05-11-2019-23:47:59,,,,no_bat,,L reward
05-11-2019-23:48:00,,,,no_bat,,L reward
05-11-2019-23:48:01,,,,no_bat,,L reward
05-11-2019-23:48:02,,,,no_bat,,L reward
05-11-2019-23:48:03,,,,no_bat,,L reward
05-11-2019-23:48:04,,,,no_bat,,L reward
05-11-2019-23:48:05,,,,no_bat,,L reward
05-11-2019-23:48:06,,,,no_bat,,L reward
05-11-2019-23:48:07,,,,no_bat,,L reward
05-11-2019-23:48:09,,,,no_bat,,L reward
05-11-2019-23:48:10,,,,no_bat,,L reward
05-11-2019-23:48:11,,,,no_bat,,L reward
05-11-2019-23:48:12,,,,no_bat,,L reward
05-11-2019-23:48:13,,,,no_bat,,L reward
05-11-2019-23:48:14,,,,no_bat,,L reward
05-11-2019-23:48:15,,,,no_bat,,L reward
05-11-2019-23:48:16,,,,no_bat,,L reward
05-11-2019-23:48:17,,,,no_bat,,L reward
05-11-2019-23:48:18,,,,no_bat,,L reward
05-11-2019-23:48:19,play,['307410CD2C040B4000000001'],,b'101',,L reward
05-11-2019-23:48:20,,['307410CD2C040B4000000001'],,b'101',no 1,L reward
05-11-2019-23:48:21,,['307410CD2C040B4000000001'],,b'101',,L reward
05-11-2019-23:48:22,,['307410CD2C040B4000000001'],,b'101',,L reward
05-11-2019-23:48:23,,['307410CD2C040B4000000001'],,b'101',,L reward
05-11-2019-23:48:24,,['307410CD2C040B4000000001'],,b'101',,L reward
05-11-2019-23:48:25,,['307410CD2C040B4000000001'],,b'101',,L reward
05-11-2019-23:48:26,,['307410CD2C040B4000000001'],,b'101',,L reward
05-11-2019-23:48:27,,['307410CD2C040B4000000001'],,b'101',,L reward
05-11-2019-23:48:28,,['307410CD2C040B4000000001'],,b'101',,L reward
05-11-2019-23:48:29,,['307410CD2C040B4000000001'],,b'101',,L reward
05-11-2019-23:48:30,,['307410CD2C040B4000000001'],,b'101',,L reward
05-11-2019-23:48:31,,['307410CD2C040B4000000001'],,b'101',,L reward
05-11-2019-23:48:32,,['307410CD2C040B4000000001'],,b'101',,L reward
05-11-2019-23:48:33,,['307410CD2C040B4000000001'],,b'101',,L reward
05-11-2019-23:48:34,,['307410CD2C040B4000000001'],,b'101',,L reward
05-11-2019-23:48:35,,['307410CD2C040B4000000001'],,b'101',,L reward
05-11-2019-23:48:36,,['307410CD2C040B4000000001'],,b'101',,L reward
05-11-2019-23:48:37,,['307410CD2C040B4000000001'],,b'101',,L reward
05-11-2019-23:48:38,,['307410CD2C040B4000000001'],,b'101',,L reward
05-11-2019-23:48:39,,['307410CD2C040B4000000001'],,b'101',,L reward
05-11-2019-23:48:40,,['307410CD2C040B4000000001'],,b'101',,L reward
05-11-2019-23:48:41,play,,,no_bat,,L reward
05-11-2019-23:48:42,,,,no_bat,,L reward
05-11-2019-23:48:43,,,,no_bat,,L reward
05-11-2019-23:48:44,,,,no_bat,,L reward
05-11-2019-23:48:45,,,,no_bat,,L reward
05-11-2019-23:48:46,,,,no_bat,,L reward
05-11-2019-23:48:47,,,,no_bat,,L reward
05-11-2019-23:48:48,,,,no_bat,,L reward
05-11-2019-23:48:49,,,,no_bat,,L reward
05-11-2019-23:48:50,,,,no_bat,,L reward
05-11-2019-23:48:51,,,,no_bat,,L reward
05-11-2019-23:48:53,,,,no_bat,,L reward
05-11-2019-23:48:54,,,,no_bat,,L reward
05-11-2019-23:48:55,,,,no_bat,,L reward
05-11-2019-23:48:56,,,,no_bat,,L reward
05-11-2019-23:48:57,,,,no_bat,,L reward
05-11-2019-23:48:58,,,,no_bat,,L reward
05-11-2019-23:48:59,,,,no_bat,,L reward
05-11-2019-23:49:00,,,,no_bat,,L reward
05-11-2019-23:49:01,,,,no_bat,,L reward
05-11-2019-23:49:02,,,,no_bat,,L reward
05-11-2019-23:49:03,play,,,,,L reward
05-11-2019-23:49:04,,,,no_bat,,L reward
05-11-2019-23:49:05,,,,no_bat,,L reward
05-11-2019-23:49:06,,,,no_bat,,L reward
05-11-2019-23:49:07,,,,no_bat,,L reward
05-11-2019-23:49:08,,,,no_bat,,L reward
05-11-2019-23:49:09,,,,no_bat,,L reward
05-11-2019-23:49:10,,,,no_bat,,L reward
05-11-2019-23:49:11,,,,no_bat,,L reward
05-11-2019-23:49:12,,,,no_bat,,L reward
05-11-2019-23:49:13,,,,no_bat,,L reward
05-11-2019-23:49:14,,,,no_bat,,L reward
05-11-2019-23:49:15,,,,no_bat,,L reward
05-11-2019-23:49:16,,,,no_bat,,L reward
05-11-2019-23:49:17,,,,no_bat,,L reward
05-11-2019-23:49:18,,,,no_bat,,L reward
05-11-2019-23:49:19,,,,no_bat,,L reward
05-11-2019-23:49:20,,,,no_bat,,L reward
05-11-2019-23:49:21,,,,no_bat,,L reward
05-11-2019-23:49:22,,,,no_bat,,L reward
05-11-2019-23:49:23,,,,no_bat,,L reward
05-11-2019-23:49:24,,,,no_bat,,L reward
05-11-2019-23:49:25,,,,no_bat,,L reward
05-11-2019-23:49:26,play,,,no_bat,,L reward
05-11-2019-23:49:27,,,,no_bat,,L reward
05-11-2019-23:49:28,,,,no_bat,,L reward
05-11-2019-23:49:29,,,,no_bat,,L reward
05-11-2019-23:49:30,,,,no_bat,,L reward
05-11-2019-23:49:31,,,,no_bat,,L reward
05-11-2019-23:49:32,,,,no_bat,,L reward
05-11-2019-23:49:33,,,,no_bat,,L reward
05-11-2019-23:49:34,,,,no_bat,,L reward
05-11-2019-23:49:35,,,,no_bat,,L reward
05-11-2019-23:49:36,,,,no_bat,,L reward
05-11-2019-23:49:37,,,,no_bat,,L reward
05-11-2019-23:49:38,,,,no_bat,,L reward
05-11-2019-23:49:39,,,,no_bat,,L reward
05-11-2019-23:49:40,,,,no_bat,,L reward
05-11-2019-23:49:41,,,,no_bat,,L reward
05-11-2019-23:49:42,,,,no_bat,,L reward
05-11-2019-23:49:43,,,,no_bat,,L reward
05-11-2019-23:49:44,,,,no_bat,,L reward
05-11-2019-23:49:45,,,,no_bat,,L reward
05-11-2019-23:49:46,,,,no_bat,,L reward
05-11-2019-23:49:47,,,,no_bat,,L reward
05-11-2019-23:49:48,play,,,no_bat,,L reward
05-11-2019-23:49:49,,,,no_bat,,L reward
05-11-2019-23:49:50,,,,no_bat,,L reward
05-11-2019-23:49:51,,,,no_bat,,L reward
05-11-2019-23:49:52,,,,no_bat,,L reward
05-11-2019-23:49:53,,,,no_bat,,L reward
05-11-2019-23:49:54,,,,no_bat,,L reward
05-11-2019-23:49:55,,,,no_bat,,L reward
05-11-2019-23:49:56,,,,no_bat,,L reward
05-11-2019-23:49:57,,,,no_bat,,L reward
05-11-2019-23:49:58,,,,no_bat,,L reward
05-11-2019-23:49:59,,,,no_bat,,L reward
05-11-2019-23:50:00,,,,no_bat,,L reward
05-11-2019-23:50:01,,,,no_bat,,L reward
05-11-2019-23:50:02,,,,no_bat,,L reward
05-11-2019-23:50:03,,,,no_bat,,L reward
05-11-2019-23:50:04,,,,no_bat,,L reward
05-11-2019-23:50:05,,,,no_bat,,L reward
05-11-2019-23:50:06,,,,no_bat,,L reward
05-11-2019-23:50:07,,,,no_bat,,L reward
05-11-2019-23:50:08,,,,no_bat,,L reward
05-11-2019-23:50:09,play,,,,,L reward
05-11-2019-23:50:10,,,,no_bat,,L reward
05-11-2019-23:50:11,,,,no_bat,,L reward
05-11-2019-23:50:12,,,,no_bat,,L reward
05-11-2019-23:50:13,,,,no_bat,,L reward
05-11-2019-23:50:14,,,,no_bat,,L reward
05-11-2019-23:50:15,,,,no_bat,,L reward
05-11-2019-23:50:16,,,,no_bat,,L reward
05-11-2019-23:50:17,,,,no_bat,,L reward
05-11-2019-23:50:18,,,,no_bat,,L reward
05-11-2019-23:50:19,,,,no_bat,,L reward
05-11-2019-23:50:21,,,,no_bat,,L reward
05-11-2019-23:50:22,,,,no_bat,,L reward
05-11-2019-23:50:23,,,,no_bat,,L reward
05-11-2019-23:50:24,,,,no_bat,,L reward
05-11-2019-23:50:25,,,,no_bat,,L reward
05-11-2019-23:50:26,,,,no_bat,,L reward
05-11-2019-23:50:27,,,,no_bat,,L reward
05-11-2019-23:50:28,,,,no_bat,,L reward
05-11-2019-23:50:29,,,,no_bat,,L reward
05-11-2019-23:50:30,,,,no_bat,,L reward
05-11-2019-23:50:31,,,,no_bat,,L reward
05-11-2019-23:50:32,play,,,no_bat,,L reward
05-11-2019-23:50:33,,,,no_bat,,L reward
05-11-2019-23:50:34,,,,no_bat,,L reward
05-11-2019-23:50:35,,,,no_bat,,L reward
05-11-2019-23:50:36,,,,no_bat,,L reward
05-11-2019-23:50:37,,,,no_bat,,L reward
05-11-2019-23:50:38,,,,no_bat,,L reward
05-11-2019-23:50:39,,,,no_bat,,L reward
05-11-2019-23:50:40,,,,no_bat,,L reward
05-11-2019-23:50:41,,,,no_bat,,L reward
05-11-2019-23:50:42,,,,no_bat,,L reward
05-11-2019-23:50:43,,,,no_bat,,L reward
05-11-2019-23:50:44,,,,no_bat,,L reward
05-11-2019-23:50:45,,,,no_bat,,L reward
05-11-2019-23:50:46,,,,no_bat,,L reward
05-11-2019-23:50:47,,,,no_bat,,L reward
05-11-2019-23:50:48,,,,no_bat,,L reward
05-11-2019-23:50:49,,,,no_bat,,L reward
05-11-2019-23:50:50,,,,no_bat,,L reward
05-11-2019-23:50:51,,,,no_bat,,L reward
05-11-2019-23:50:52,,,,no_bat,,L reward
05-11-2019-23:50:53,,,,no_bat,,L reward
05-11-2019-23:50:54,play,,,no_bat,,L reward
05-11-2019-23:50:55,,,,no_bat,,L reward
05-11-2019-23:50:56,,,,no_bat,,L reward
05-11-2019-23:50:57,,,,no_bat,,L reward
05-11-2019-23:50:58,,,,no_bat,,L reward
05-11-2019-23:50:59,,,,no_bat,,L reward
05-11-2019-23:51:00,,,,no_bat,,L reward
05-11-2019-23:51:01,,,,no_bat,,L reward
05-11-2019-23:51:02,,,,no_bat,,L reward
05-11-2019-23:51:03,,,,no_bat,,L reward
05-11-2019-23:51:04,,,,no_bat,,L reward
05-11-2019-23:51:05,,,,no_bat,,L reward
05-11-2019-23:51:06,,,,no_bat,,L reward
05-11-2019-23:51:07,,,,no_bat,,L reward
05-11-2019-23:51:08,,,,no_bat,,L reward
05-11-2019-23:51:09,,,,no_bat,,L reward
05-11-2019-23:51:10,,,,no_bat,,L reward
05-11-2019-23:51:11,,,,no_bat,,L reward
05-11-2019-23:51:12,,,,no_bat,,L reward
05-11-2019-23:51:13,,,,no_bat,,L reward
05-11-2019-23:51:14,,['307410CD2C040B4000000001'],,b'102',,L reward
05-11-2019-23:51:15,,['307410CD2C040B4000000001'],,b'102',no 2,L reward
05-11-2019-23:51:16,,['307410CD2C040B4000000001'],,b'102',,L reward
05-11-2019-23:51:17,,['307410CD2C040B4000000001'],,b'102',,L reward
05-11-2019-23:51:18,,['307410CD2C040B4000000001'],,b'102',,L reward
05-11-2019-23:51:19,,['307410CD2C040B4000000001'],,b'102',,L reward
05-11-2019-23:51:20,,['307410CD2C040B4000000001'],,b'102',,L reward
05-11-2019-23:51:21,,['307410CD2C040B4000000001'],,b'102',,L reward
05-11-2019-23:51:22,,['307410CD2C040B4000000001'],,b'102',,L reward
05-11-2019-23:51:23,,['307410CD2C040B4000000001'],,b'102',,L reward
05-11-2019-23:51:24,,['307410CD2C040B4000000001'],,b'102',,L reward
05-11-2019-23:51:25,,['307410CD2C040B4000000001'],,b'102',,L reward
05-11-2019-23:51:26,,['307410CD2C040B4000000001'],,b'102',,L reward
05-11-2019-23:51:27,,['307410CD2C040B4000000001'],,b'102',,L reward
05-11-2019-23:51:28,,['307410CD2C040B4000000001'],,b'102',,L reward
05-11-2019-23:51:29,,['307410CD2C040B4000000001'],,b'102',,L reward
05-11-2019-23:51:30,,['307410CD2C040B4000000001'],,b'102',,L reward
05-11-2019-23:51:31,,['307410CD2C02D9C000000001'],,b'101',,L reward
05-11-2019-23:51:32,,['307410CD2C040B4000000001'],,b'102',,L reward
05-11-2019-23:51:33,,['307410CD2C040B4000000001'],,b'102',,L reward
05-11-2019-23:51:34,,['307410CD2C02D9C000000001'],,b'101',,L reward
05-11-2019-23:51:35,,['307410CD2C02D9C000000001'],,b'101',,L reward
05-11-2019-23:51:36,,['307410CD2C040B4000000001'],,b'102',,L reward
05-11-2019-23:51:37,,['307410CD2C02D9C000000001'],,b'101',,L reward
05-11-2019-23:51:38,,['307410CD2C02D9C000000001'],,b'101',,L reward
05-11-2019-23:51:39,,['307410CD2C02D9C000000001'],,b'101',,L reward
05-11-2019-23:51:40,,['307410CD2C02D9C000000001'],,b'101',,L reward
05-11-2019-23:51:41,,['307410CD2C02D9C000000001'],,b'101',,L reward
05-11-2019-23:51:42,play,,,no_bat,,L reward
05-11-2019-23:51:43,,,,no_bat,,L reward
05-11-2019-23:51:44,,,,no_bat,,L reward
05-11-2019-23:51:45,,,,no_bat,,L reward
05-11-2019-23:51:46,,,,no_bat,,L reward
05-11-2019-23:51:47,,,,no_bat,,L reward
05-11-2019-23:51:48,,,,no_bat,,L reward
05-11-2019-23:51:49,,,,no_bat,,L reward
05-11-2019-23:51:50,,,,no_bat,,L reward
05-11-2019-23:51:51,,,,no_bat,,L reward
05-11-2019-23:51:52,,,,no_bat,,L reward
05-11-2019-23:51:53,,,,no_bat,,L reward
05-11-2019-23:51:54,,,,no_bat,,L reward
05-11-2019-23:51:55,,,,no_bat,,L reward
05-11-2019-23:51:56,,,,no_bat,,L reward
05-11-2019-23:51:57,,,,no_bat,,L reward
05-11-2019-23:51:58,,,,no_bat,,L reward
05-11-2019-23:51:59,,,,no_bat,,L reward
05-11-2019-23:52:00,,,,no_bat,,L reward
05-11-2019-23:52:01,,,,no_bat,,L reward
05-11-2019-23:52:02,,,,no_bat,,L reward
05-11-2019-23:52:03,,,,no_bat,,L reward
05-11-2019-23:52:04,play,,,,,L reward
05-11-2019-23:52:05,,,,no_bat,,L reward
05-11-2019-23:52:06,,,,no_bat,,L reward
05-11-2019-23:52:07,,,,no_bat,,L reward
05-11-2019-23:52:08,,,,no_bat,,L reward
05-11-2019-23:52:09,,,,no_bat,,L reward
05-11-2019-23:52:10,,,,no_bat,,L reward
05-11-2019-23:52:11,,,,no_bat,,L reward
05-11-2019-23:52:12,,,,no_bat,,L reward
05-11-2019-23:52:13,,,,no_bat,,L reward
05-11-2019-23:52:14,,,,no_bat,,L reward
05-11-2019-23:52:16,,,,no_bat,,L reward
05-11-2019-23:52:17,,,,no_bat,,L reward
05-11-2019-23:52:18,,,,no_bat,,L reward
05-11-2019-23:52:19,,,,no_bat,,L reward
05-11-2019-23:52:20,,['307410CD2C040B4000000001'],,b'101',,L reward
05-11-2019-23:52:21,,['307410CD2C040B4000000001'],,b'101',1,L reward
05-11-2019-23:52:22,,['307410CD2C040B4000000001'],,b'101',,L reward
05-11-2019-23:52:23,,['307410CD2C040B4000000001'],,b'101',,L reward
05-11-2019-23:52:24,,['307410CD2C040B4000000001'],,b'101',,L reward
05-11-2019-23:52:25,,['307410CD2C040B4000000001'],,b'101',,L reward
05-11-2019-23:52:26,,['307410CD2C040B4000000001'],,b'101',,L reward
05-11-2019-23:52:27,,['307410CD2C040B4000000001'],,b'101',,L reward
05-11-2019-23:52:28,,['307410CD2C040B4000000001'],,b'101',,L reward
05-11-2019-23:52:29,,['307410CD2C040B4000000001'],,b'101',,L reward
05-11-2019-23:52:30,,['307410CD2C040B4000000001'],,b'101',,L reward
05-11-2019-23:52:31,,['307410CD2C040B4000000001'],,b'101',,L reward
05-11-2019-23:52:32,,['307410CD2C040B4000000001'],,b'101',,L reward
05-11-2019-23:52:33,,['307410CD2C040B4000000001'],,b'101',,L reward
05-11-2019-23:52:34,,['307410CD2C040B4000000001'],,b'101',,L reward
05-11-2019-23:52:35,,['307410CD2C040B4000000001'],,b'101',,L reward
05-11-2019-23:52:36,,['307410CD2C02D9C000000001'],,b'101',,L reward
05-11-2019-23:52:37,,['307410CD2C02D9C000000001'],,b'101',,L reward
05-11-2019-23:52:38,,['307410CD2C040B4000000001'],,b'101',,L reward
05-11-2019-23:52:39,,['307410CD2C040B4000000001'],,b'101',,L reward
05-11-2019-23:52:40,,['307410CD2C040B4000000001'],,b'101',,L reward
05-11-2019-23:52:41,,['307410CD2C02D9C000000001'],,b'101',,L reward
05-11-2019-23:52:42,,['307410CD2C02D9C000000001'],,b'101',,L reward
05-11-2019-23:52:43,,['307410CD2C02D9C000000001'],,b'101',,L reward
05-11-2019-23:52:44,,['307410CD2C02D9C000000001'],,b'101',,L reward
05-11-2019-23:52:45,,['307410CD2C02D9C000000001'],,b'101',,L reward
05-11-2019-23:52:46,,['307410CD2C02D9C000000001'],,b'101',,L reward
05-11-2019-23:52:47,,['307410CD2C02D9C000000001'],,b'101',,L reward
05-11-2019-23:52:48,,['307410CD2C02D9C000000001'],,b'101',,L reward
05-11-2019-23:52:49,,['307410CD2C02D9C000000001'],,b'101',,L reward
05-11-2019-23:52:50,,['307410CD2C02D9C000000001'],,b'101',,L reward
05-11-2019-23:52:51,play,,,no_bat,,L reward
05-11-2019-23:52:52,,,,no_bat,,L reward
05-11-2019-23:52:53,,,,no_bat,,L reward
05-11-2019-23:52:54,,,,no_bat,,L reward
05-11-2019-23:52:55,,,,no_bat,,L reward
05-11-2019-23:52:56,,,,no_bat,,L reward
05-11-2019-23:52:57,,,,no_bat,,L reward
05-11-2019-23:52:58,,,,no_bat,,L reward
05-11-2019-23:52:59,,,,no_bat,,L reward
05-11-2019-23:53:00,,,,no_bat,,L reward
05-11-2019-23:53:01,,,,no_bat,,L reward
05-11-2019-23:53:02,,,,no_bat,,L reward
05-11-2019-23:53:03,,,,no_bat,,L reward
05-11-2019-23:53:04,,,,no_bat,,L reward
05-11-2019-23:53:05,,,,no_bat,,L reward
05-11-2019-23:53:06,,,,no_bat,,L reward
05-11-2019-23:53:07,,,,no_bat,,L reward
05-11-2019-23:53:08,,,,no_bat,,L reward
05-11-2019-23:53:09,,,,no_bat,,L reward
05-11-2019-23:53:10,,,,no_bat,,L reward
05-11-2019-23:53:11,,,,no_bat,,L reward
05-11-2019-23:53:12,,,,no_bat,,L reward
05-11-2019-23:53:13,,,,no_bat,,L reward
05-11-2019-23:53:14,play,,,no_bat,,L reward
05-11-2019-23:53:15,,,,no_bat,,L reward
05-11-2019-23:53:16,,,,no_bat,,L reward
05-11-2019-23:53:17,,,,no_bat,,L reward
05-11-2019-23:53:18,,,,no_bat,,L reward
05-11-2019-23:53:19,,,,no_bat,,L reward
05-11-2019-23:53:20,,,,no_bat,,L reward
05-11-2019-23:53:21,,,,no_bat,,L reward
05-11-2019-23:53:22,,,,no_bat,,L reward
05-11-2019-23:53:23,,,,no_bat,,L reward
05-11-2019-23:53:24,,,,no_bat,,L reward
05-11-2019-23:53:25,,,,no_bat,,L reward
05-11-2019-23:53:26,,,,no_bat,,L reward
05-11-2019-23:53:27,,,,no_bat,,L reward
05-11-2019-23:53:28,,,,no_bat,,L reward
05-11-2019-23:53:29,,,,no_bat,,L reward
05-11-2019-23:53:30,,,,no_bat,,L reward
05-11-2019-23:53:31,,,,no_bat,,L reward
05-11-2019-23:53:32,,,,no_bat,,L reward
05-11-2019-23:53:33,,,,no_bat,,L reward
05-11-2019-23:53:34,,,,no_bat,,L reward
05-11-2019-23:53:35,,,,no_bat,,L reward
05-11-2019-23:53:36,play,,,no_bat,,L reward
05-11-2019-23:53:37,,,,no_bat,,L reward
05-11-2019-23:53:38,,,,no_bat,,L reward
05-11-2019-23:53:39,,,,no_bat,,L reward
05-11-2019-23:53:40,,,,no_bat,,L reward
05-11-2019-23:53:41,,,,no_bat,,L reward
05-11-2019-23:53:42,,,,no_bat,,L reward
05-11-2019-23:53:43,,,,no_bat,,L reward
05-11-2019-23:53:44,,,,no_bat,,L reward
05-11-2019-23:53:45,,,,no_bat,,L reward
05-11-2019-23:53:46,,,,no_bat,,L reward
05-11-2019-23:53:48,,['307410CD2C040B4000000001'],,b'101',,L reward
05-11-2019-23:53:49,,['307410CD2C040B4000000001'],,b'101',1,L reward
05-11-2019-23:53:50,,['307410CD2C040B4000000001'],,b'101',,L reward
05-11-2019-23:53:51,,['307410CD2C040B4000000001'],,b'101',,L reward
05-11-2019-23:53:52,,['307410CD2C040B4000000001'],,b'101',,L reward
05-11-2019-23:53:53,,['307410CD2C040B4000000001'],,b'101',,L reward
05-11-2019-23:53:54,,['307410CD2C040B4000000001'],,b'101',,L reward
05-11-2019-23:53:55,,['307410CD2C040B4000000001'],,b'101',,L reward
05-11-2019-23:53:56,,['307410CD2C040B4000000001'],,b'101',,L reward
05-11-2019-23:53:57,,['307410CD2C040B4000000001'],,b'101',,L reward
05-11-2019-23:53:58,,['307410CD2C040B4000000001'],,b'101',,L reward
05-11-2019-23:53:59,,['307410CD2C040B4000000001'],,b'101',,L reward
05-11-2019-23:54:00,,['307410CD2C040B4000000001'],,b'101',,L reward
05-11-2019-23:54:01,,['307410CD2C040B4000000001'],,b'101',,L reward
05-11-2019-23:54:02,,['307410CD2C040B4000000001'],,b'101',,L reward
05-11-2019-23:54:03,,['307410CD2C040B4000000001'],,b'101',,L reward
05-11-2019-23:54:04,,['307410CD2C02D9C000000001'],,b'101',,L reward
05-11-2019-23:54:05,,['307410CD2C040B4000000001'],,b'101',,L reward
05-11-2019-23:54:06,,['307410CD2C040B4000000001'],,b'101',,L reward
05-11-2019-23:54:07,,['307410CD2C040B4000000001'],,b'101',,L reward
05-11-2019-23:54:08,,['307410CD2C040B4000000001'],,b'101',,L reward
05-11-2019-23:54:09,,['307410CD2C02D9C000000001'],,b'101',,L reward
05-11-2019-23:54:10,,['307410CD2C040B4000000001'],,b'101',,L reward
05-11-2019-23:54:11,,['307410CD2C040B4000000001'],,b'101',,L reward
05-11-2019-23:54:12,,['307410CD2C040B4000000001'],,b'101',,L reward
05-11-2019-23:54:13,,['307410CD2C040B4000000001'],,b'101',,L reward
05-11-2019-23:54:14,play,,,no_bat,,L reward
05-11-2019-23:54:15,,['307410CD2C040B4000000001'],,b'101',1,L reward
05-11-2019-23:54:16,,['307410CD2C040B4000000001'],,b'101',,L reward
05-11-2019-23:54:17,,['307410CD2C040B4000000001'],,b'101',,L reward
05-11-2019-23:54:18,,['307410CD2C040B4000000001'],,b'101',,L reward
05-11-2019-23:54:19,,['307410CD2C040B4000000001'],,b'101',,L reward
05-11-2019-23:54:20,,['307410CD2C040B4000000001'],,b'101',,L reward
05-11-2019-23:54:21,,['307410CD2C040B4000000001'],,b'101',,L reward
05-11-2019-23:54:22,,['307410CD2C040B4000000001'],,b'101',,L reward
05-11-2019-23:54:23,,['307410CD2C040B4000000001'],,b'101',,L reward
05-11-2019-23:54:24,,['307410CD2C040B4000000001'],,b'101',,L reward
05-11-2019-23:54:25,,['307410CD2C040B4000000001'],,b'101',,L reward
05-11-2019-23:54:26,,,,no_bat,,L reward
05-11-2019-23:54:27,,,,no_bat,,L reward
05-11-2019-23:54:28,,,,no_bat,,L reward
05-11-2019-23:54:29,,,,no_bat,,L reward
05-11-2019-23:54:30,,,,no_bat,,L reward
05-11-2019-23:54:31,,,,no_bat,,L reward
05-11-2019-23:54:32,,,,no_bat,,L reward
05-11-2019-23:54:33,,,,no_bat,,L reward
05-11-2019-23:54:34,,,,no_bat,,L reward
05-11-2019-23:54:35,,,,no_bat,,L reward
05-11-2019-23:54:36,,,,no_bat,,L reward
05-11-2019-23:54:37,play,['307410CD2C02D9C000000001'],,b'101',1,L reward
05-11-2019-23:54:38,,['307410CD2C02D9C000000001'],,b'101',,L reward
05-11-2019-23:54:39,,['307410CD2C02D9C000000001'],,b'101',,L reward
05-11-2019-23:54:40,,['307410CD2C02D9C000000001'],,b'101',,L reward
05-11-2019-23:54:41,,['307410CD2C02D9C000000001'],,b'101',,L reward
05-11-2019-23:54:42,,['307410CD2C02D9C000000001'],,b'101',,L reward
05-11-2019-23:54:43,,['307410CD2C02D9C000000001'],,b'101',,L reward
05-11-2019-23:54:44,,['307410CD2C040B4000000001'],,b'101',,L reward
05-11-2019-23:54:45,,['307410CD2C02D9C000000001'],,b'101',,L reward
05-11-2019-23:54:46,,['307410CD2C02D9C000000001'],,b'101',,L reward
05-11-2019-23:54:47,,['307410CD2C02D9C000000001'],,b'101',,L reward
05-11-2019-23:54:48,,['307410CD2C040B4000000001'],,b'101',,L reward
05-11-2019-23:54:49,,['307410CD2C02D9C000000001'],,b'101',,L reward
05-11-2019-23:54:50,,['307410CD2C02D9C000000001'],,b'101',,L reward
05-11-2019-23:54:51,,['307410CD2C02D9C000000001'],,b'101',,L reward
05-11-2019-23:54:52,,['307410CD2C02D9C000000001'],,b'101',,L reward
05-11-2019-23:54:53,,['307410CD2C02D9C000000001'],,b'101',,L reward
05-11-2019-23:54:54,,['307410CD2C02D9C000000001'],,b'101',,L reward
05-11-2019-23:54:55,,['307410CD2C02D9C000000001'],,b'101',,L reward
05-11-2019-23:54:56,,['307410CD2C02D9C000000001'],,b'101',,L reward
05-11-2019-23:54:57,,['307410CD2C02D9C000000001'],,b'101',,L reward
05-11-2019-23:54:58,,['307410CD2C02D9C000000001'],,b'101',,L reward
05-11-2019-23:54:59,,['307410CD2C02D9C000000001'],,b'101',,L reward
05-11-2019-23:55:00,,['307410CD2C02D9C000000001'],,b'101',,L reward
05-11-2019-23:55:01,,['307410CD2C02D9C000000001'],,b'101',,L reward
05-11-2019-23:55:02,,['307410CD2C02D9C000000001'],,b'101',,L reward
05-11-2019-23:55:03,,['307410CD2C02D9C000000001'],,b'101',,L reward
05-11-2019-23:55:04,,['307410CD2C02D9C000000001'],,b'101',,L reward
05-11-2019-23:55:05,play,,,no_bat,,L reward
05-11-2019-23:55:06,,,,no_bat,,L reward
05-11-2019-23:55:07,,,,no_bat,,L reward
05-11-2019-23:55:08,,,,no_bat,,L reward
05-11-2019-23:55:09,,,,no_bat,,L reward
05-11-2019-23:55:10,,,,no_bat,,L reward
05-11-2019-23:55:11,,,,no_bat,,L reward
05-11-2019-23:55:12,,,,no_bat,,L reward
05-11-2019-23:55:13,,,,no_bat,,L reward
05-11-2019-23:55:14,,,,no_bat,,L reward
05-11-2019-23:55:15,,,,no_bat,,L reward
05-11-2019-23:55:16,,,,no_bat,,L reward
05-11-2019-23:55:17,,,,no_bat,,L reward
05-11-2019-23:55:18,,,,no_bat,,L reward
05-11-2019-23:55:19,,,,no_bat,,L reward
05-11-2019-23:55:20,,,,no_bat,,L reward
05-11-2019-23:55:21,,,,no_bat,,L reward
05-11-2019-23:55:22,,,,no_bat,,L reward
05-11-2019-23:55:23,,,,no_bat,,L reward
05-11-2019-23:55:24,,,,no_bat,,L reward
05-11-2019-23:55:25,,,,no_bat,,L reward
05-11-2019-23:55:26,,,,no_bat,,L reward
05-11-2019-23:55:27,play,,,no_bat,,L reward
05-11-2019-23:55:28,,,,no_bat,,L reward
05-11-2019-23:55:29,,,,no_bat,,L reward
05-11-2019-23:55:30,,,,no_bat,,L reward
05-11-2019-23:55:31,,,,no_bat,,L reward
05-11-2019-23:55:32,,,,no_bat,,L reward
05-11-2019-23:55:33,,,,no_bat,,L reward
05-11-2019-23:55:34,,,,no_bat,,L reward
05-11-2019-23:55:35,,,,no_bat,,L reward
05-11-2019-23:55:36,,,,no_bat,,L reward
05-11-2019-23:55:37,,,,no_bat,,L reward
05-11-2019-23:55:38,,,,no_bat,,L reward
05-11-2019-23:55:39,,,,no_bat,,L reward
05-11-2019-23:55:40,,,,no_bat,,L reward
05-11-2019-23:55:41,,,,no_bat,,L reward
05-11-2019-23:55:42,,['307410CD2C02D9C000000001'],,b'101',,L reward
05-11-2019-23:55:43,,['307410CD2C02D9C000000001'],,b'101',1,L reward
05-11-2019-23:55:44,,['307410CD2C02D9C000000001'],,b'101',,L reward
05-11-2019-23:55:45,,['307410CD2C02D9C000000001'],,b'101',,L reward
05-11-2019-23:55:46,,['307410CD2C02D9C000000001'],,b'101',,L reward
05-11-2019-23:55:47,,['307410CD2C02D9C000000001'],,b'101',,L reward
05-11-2019-23:55:48,,['307410CD2C02D9C000000001'],,b'101',,L reward
05-11-2019-23:55:49,,['307410CD2C02D9C000000001'],,b'101',,L reward
05-11-2019-23:55:50,,['307410CD2C02D9C000000001'],,b'101',,L reward
05-11-2019-23:55:51,,['307410CD2C02D9C000000001'],,b'101',,L reward
05-11-2019-23:55:52,,['307410CD2C02D9C000000001'],,b'101',,L reward
05-11-2019-23:55:53,,['307410CD2C02D9C000000001'],,b'101',,L reward
05-11-2019-23:55:54,,['307410CD2C02D9C000000001'],,b'101',,L reward
05-11-2019-23:55:55,,['307410CD2C02D9C000000001'],,b'101',,L reward
05-11-2019-23:55:56,,['307410CD2C02D9C000000001'],,b'101',,L reward
05-11-2019-23:55:57,,['307410CD2C02D9C000000001'],,b'101',,L reward
05-11-2019-23:55:58,,['307410CD2C02D9C000000001'],,b'101',,L reward
05-11-2019-23:55:59,,['307410CD2C02D9C000000001'],,b'101',,L reward
05-11-2019-23:56:00,,['307410CD2C02D9C000000001'],,b'101',,L reward
05-11-2019-23:56:01,,['307410CD2C02D9C000000001'],,b'101',,L reward
05-11-2019-23:56:02,,['307410CD2C02D9C000000001'],,b'101',,L reward
05-11-2019-23:56:03,,['307410CD2C02D9C000000001'],,b'101',,L reward
05-11-2019-23:56:04,,['307410CD2C02D9C000000001'],,b'101',,L reward
05-11-2019-23:56:05,,['307410CD2C02D9C000000001'],,b'101',,L reward
05-11-2019-23:56:06,,['307410CD2C02D9C000000001'],,b'101',,L reward
05-11-2019-23:56:07,,['307410CD2C02D9C000000001'],,b'101',,L reward
05-11-2019-23:56:08,,['307410CD2C02D9C000000001'],,b'101',,L reward
05-11-2019-23:56:09,,['307410CD2C02D9C000000001'],,b'101',,L reward
05-11-2019-23:56:10,,['307410CD2C02D9C000000001'],,b'101',,L reward
05-11-2019-23:56:11,play,,,no_bat,,L reward
05-11-2019-23:56:12,,,,no_bat,,L reward
05-11-2019-23:56:13,,,,no_bat,,L reward
05-11-2019-23:56:14,,,,no_bat,,L reward
05-11-2019-23:56:15,,,,no_bat,,L reward
05-11-2019-23:56:16,,,,no_bat,,L reward
05-11-2019-23:56:17,,,,no_bat,,L reward
05-11-2019-23:56:18,,,,no_bat,,L reward
05-11-2019-23:56:19,,,,no_bat,,L reward
05-11-2019-23:56:20,,,,no_bat,,L reward
05-11-2019-23:56:21,,,,no_bat,,L reward
05-11-2019-23:56:23,,,,no_bat,,L reward
05-11-2019-23:56:24,,,,no_bat,,L reward
05-11-2019-23:56:25,,,,no_bat,,L reward
05-11-2019-23:56:26,,,,no_bat,,L reward
05-11-2019-23:56:27,,,,no_bat,,L reward
05-11-2019-23:56:28,,,,no_bat,,L reward
05-11-2019-23:56:29,,,,no_bat,,L reward
05-11-2019-23:56:30,,,,no_bat,,L reward
05-11-2019-23:56:31,,,,no_bat,,L reward
05-11-2019-23:56:32,,,,no_bat,,L reward
05-11-2019-23:56:33,,,,no_bat,,L reward
05-11-2019-23:56:34,play,,,no_bat,,L reward
05-11-2019-23:56:35,,,,no_bat,,L reward
05-11-2019-23:56:36,,,,no_bat,,L reward
05-11-2019-23:56:37,,,,no_bat,,L reward
05-11-2019-23:56:38,,['307410CD2C02D9C000000001'],,b'101',,L reward
05-11-2019-23:56:39,,['307410CD2C02D9C000000001'],,b'101',no 1,L reward
05-11-2019-23:56:40,,['307410CD2C02D9C000000001'],,b'101',,L reward
05-11-2019-23:56:41,,['307410CD2C02D9C000000001'],,b'101',,L reward
05-11-2019-23:56:42,,['307410CD2C02D9C000000001'],,b'101',,L reward
05-11-2019-23:56:43,,['307410CD2C02D9C000000001'],,b'101',,L reward
05-11-2019-23:56:44,,['307410CD2C02D9C000000001'],,b'101',,L reward
05-11-2019-23:56:45,,['307410CD2C02D9C000000001'],,b'101',,L reward
05-11-2019-23:56:46,,['307410CD2C02D9C000000001'],,b'101',,L reward
05-11-2019-23:56:47,,['307410CD2C02D9C000000001'],,b'101',,L reward
05-11-2019-23:56:48,,['307410CD2C02D9C000000001'],,b'101',,L reward
05-11-2019-23:56:49,,,,no_bat,,L reward
05-11-2019-23:56:50,,,,no_bat,,L reward
05-11-2019-23:56:51,,,,no_bat,,L reward
05-11-2019-23:56:52,,,,no_bat,,L reward
05-11-2019-23:56:53,,,,no_bat,,L reward
05-11-2019-23:56:54,,,,no_bat,,L reward
05-11-2019-23:56:55,,,,no_bat,,L reward
05-11-2019-23:56:56,,,,no_bat,,L reward
05-11-2019-23:56:57,,,,no_bat,,L reward
05-11-2019-23:56:58,,,,no_bat,,L reward
05-11-2019-23:56:59,,,,no_bat,,L reward
05-11-2019-23:57:00,play,,,no_bat,,L reward
05-11-2019-23:57:01,,,,no_bat,,L reward
05-11-2019-23:57:02,,,,no_bat,,L reward
05-11-2019-23:57:03,,,,no_bat,,L reward
05-11-2019-23:57:04,,,,no_bat,,L reward
05-11-2019-23:57:05,,,,no_bat,,L reward
05-11-2019-23:57:06,,,,no_bat,,L reward
05-11-2019-23:57:07,,,,no_bat,,L reward
05-11-2019-23:57:08,,,,no_bat,,L reward
05-11-2019-23:57:09,,,,no_bat,,L reward
05-11-2019-23:57:10,,,,no_bat,,L reward
05-11-2019-23:57:11,,,,no_bat,,L reward
05-11-2019-23:57:12,,,,no_bat,,L reward
05-11-2019-23:57:13,,,,no_bat,,L reward
05-11-2019-23:57:14,,,,no_bat,,L reward
05-11-2019-23:57:15,,,,no_bat,,L reward
05-11-2019-23:57:16,,,,no_bat,,L reward
05-11-2019-23:57:17,,,,no_bat,,L reward
05-11-2019-23:57:18,,,,no_bat,,L reward
05-11-2019-23:57:19,,,,no_bat,,L reward
05-11-2019-23:57:20,,,,no_bat,,L reward
05-11-2019-23:57:21,,,,no_bat,,L reward
05-11-2019-23:57:22,play,,,no_bat,,L reward
05-11-2019-23:57:23,,,,no_bat,,L reward
05-11-2019-23:57:24,,,,no_bat,,L reward
05-11-2019-23:57:25,,['307410CD2C040B4000000001'],,b'101',,L reward
05-11-2019-23:57:26,,['307410CD2C040B4000000001'],,b'101',1,L reward
05-11-2019-23:57:27,,['307410CD2C040B4000000001'],,b'101',,L reward
05-11-2019-23:57:28,,['307410CD2C040B4000000001'],,b'101',,L reward
05-11-2019-23:57:29,,['307410CD2C040B4000000001'],,b'101',,L reward
05-11-2019-23:57:30,,['307410CD2C040B4000000001'],,b'101',,L reward
05-11-2019-23:57:31,,['307410CD2C040B4000000001'],,b'101',,L reward
05-11-2019-23:57:32,,['307410CD2C040B4000000001'],,b'101',,L reward
05-11-2019-23:57:33,,['307410CD2C040B4000000001'],,b'101',,L reward
05-11-2019-23:57:34,,['307410CD2C040B4000000001'],,b'101',,L reward
05-11-2019-23:57:35,,['307410CD2C040B4000000001'],,b'101',,L reward
05-11-2019-23:57:36,,['307410CD2C040B4000000001'],,b'101',,L reward
05-11-2019-23:57:37,,['307410CD2C040B4000000001'],,b'101',,L reward
05-11-2019-23:57:38,,['307410CD2C040B4000000001'],,b'101',,L reward
05-11-2019-23:57:39,,['307410CD2C040B4000000001'],,b'101',,L reward
05-11-2019-23:57:40,,['307410CD2C040B4000000001'],,b'101',,L reward
05-11-2019-23:57:41,,['307410CD2C02D9C000000001'],,b'101',,L reward
05-11-2019-23:57:42,,['307410CD2C040B4000000001'],,b'101',,L reward
05-11-2019-23:57:43,,['307410CD2C040B4000000001'],,b'101',,L reward
05-11-2019-23:57:44,,['307410CD2C02D9C000000001'],,b'101',,L reward
05-11-2019-23:57:45,,['307410CD2C02D9C000000001'],,b'101',,L reward
05-11-2019-23:57:46,,['307410CD2C040B4000000001'],,b'101',,L reward
05-11-2019-23:57:47,,['307410CD2C02D9C000000001'],,b'101',,L reward
05-11-2019-23:57:48,,['307410CD2C040B4000000001'],,b'101',,L reward
05-11-2019-23:57:49,,['307410CD2C040B4000000001'],,b'101',,L reward
05-11-2019-23:57:50,,['307410CD2C02D9C000000001'],,b'101',,L reward
05-11-2019-23:57:51,,['307410CD2C02D9C000000001'],,b'101',,L reward
05-11-2019-23:57:52,,['307410CD2C02D9C000000001'],,b'101',,L reward
05-11-2019-23:57:53,,['307410CD2C02D9C000000001'],,b'101',,L reward
05-11-2019-23:57:54,,['307410CD2C02D9C000000001'],,b'101',,L reward
05-11-2019-23:57:55,,['307410CD2C02D9C000000001'],,b'101',,L reward
05-11-2019-23:57:56,,['307410CD2C02D9C000000001'],,b'101',,L reward
05-11-2019-23:57:57,play,,,no_bat,,L reward
05-11-2019-23:57:58,,,,no_bat,,L reward
05-11-2019-23:57:59,,,,no_bat,,L reward
05-11-2019-23:58:00,,,,no_bat,,L reward
05-11-2019-23:58:01,,,,no_bat,,L reward
05-11-2019-23:58:02,,,,no_bat,,L reward
05-11-2019-23:58:03,,,,no_bat,,L reward
05-11-2019-23:58:04,,,,no_bat,,L reward
05-11-2019-23:58:05,,,,no_bat,,L reward
05-11-2019-23:58:06,,,,no_bat,,L reward
05-11-2019-23:58:07,,,,no_bat,,L reward
05-11-2019-23:58:08,,,,no_bat,,L reward
05-11-2019-23:58:09,,,,no_bat,,L reward
05-11-2019-23:58:10,,,,no_bat,,L reward
05-11-2019-23:58:11,,,,no_bat,,L reward
05-11-2019-23:58:12,,,,no_bat,,L reward
05-11-2019-23:58:13,,,,no_bat,,L reward
05-11-2019-23:58:14,,,,no_bat,,L reward
05-11-2019-23:58:15,,,,no_bat,,L reward
05-11-2019-23:58:16,,,,no_bat,,L reward
05-11-2019-23:58:17,,,,no_bat,,L reward
05-11-2019-23:58:18,,,,no_bat,,L reward
05-11-2019-23:58:19,play,,,,,L reward
05-11-2019-23:58:20,,,,no_bat,,L reward
05-11-2019-23:58:21,,,,no_bat,,L reward
05-11-2019-23:58:22,,,,no_bat,,L reward
05-11-2019-23:58:23,,,,no_bat,,L reward
05-11-2019-23:58:24,,,,no_bat,,L reward
05-11-2019-23:58:25,,,,no_bat,,L reward
05-11-2019-23:58:26,,,,no_bat,,L reward
05-11-2019-23:58:27,,,,no_bat,,L reward
05-11-2019-23:58:28,,,,no_bat,,L reward
05-11-2019-23:58:29,,,,no_bat,,L reward
05-11-2019-23:58:30,,,,no_bat,,L reward
05-11-2019-23:58:31,,,,no_bat,,L reward
05-11-2019-23:58:32,,,,no_bat,,L reward
05-11-2019-23:58:33,,,,no_bat,,L reward
05-11-2019-23:58:34,,['307410CD2C02D9C000000001'],,b'101',,L reward
05-11-2019-23:58:35,,['307410CD2C02D9C000000001'],,b'101',1,L reward
05-11-2019-23:58:36,,['307410CD2C02D9C000000001'],,b'101',,L reward
05-11-2019-23:58:37,,['307410CD2C02D9C000000001'],,b'101',,L reward
05-11-2019-23:58:38,,['307410CD2C02D9C000000001'],,b'101',,L reward
05-11-2019-23:58:39,,['307410CD2C02D9C000000001'],,b'101',,L reward
05-11-2019-23:58:40,,['307410CD2C02D9C000000001'],,b'101',,L reward
05-11-2019-23:58:41,,['307410CD2C02D9C000000001'],,b'101',,L reward
05-11-2019-23:58:42,,['307410CD2C02D9C000000001'],,b'101',,L reward
05-11-2019-23:58:43,,['307410CD2C02D9C000000001'],,b'101',,L reward
05-11-2019-23:58:44,,['307410CD2C02D9C000000001'],,b'101',,L reward
05-11-2019-23:58:45,,['307410CD2C02D9C000000001'],,b'101',,L reward
05-11-2019-23:58:46,,['307410CD2C02D9C000000001'],,b'101',,L reward
05-11-2019-23:58:47,,['307410CD2C02D9C000000001'],,b'101',,L reward
05-11-2019-23:58:48,,['307410CD2C02D9C000000001'],,b'101',,L reward
05-11-2019-23:58:49,,['307410CD2C02D9C000000001'],,b'101',,L reward
05-11-2019-23:58:50,,['307410CD2C02D9C000000001'],,b'101',,L reward
05-11-2019-23:58:51,,['307410CD2C02D9C000000001'],,b'101',,L reward
05-11-2019-23:58:52,,['307410CD2C02D9C000000001'],,b'101',,L reward
05-11-2019-23:58:53,,['307410CD2C02D9C000000001'],,b'101',,L reward
05-11-2019-23:58:54,,['307410CD2C02D9C000000001'],,b'101',,L reward
05-11-2019-23:58:55,,['307410CD2C02D9C000000001'],,b'101',,L reward
05-11-2019-23:58:56,,['307410CD2C02D9C000000001'],,b'101',,L reward
05-11-2019-23:58:57,,['307410CD2C02D9C000000001'],,b'101',,L reward
05-11-2019-23:58:58,,['307410CD2C02D9C000000001'],,b'101',,L reward
05-11-2019-23:58:59,,['307410CD2C02D9C000000001'],,b'101',,L reward
05-11-2019-23:59:00,,['307410CD2C02D9C000000001'],,b'101',,L reward
05-11-2019-23:59:01,,['307410CD2C02D9C000000001'],,b'101',,L reward
05-11-2019-23:59:02,,['307410CD2C02D9C000000001'],,b'101',,L reward
05-11-2019-23:59:03,,['307410CD2C02D9C000000001'],,b'101',,L reward
05-11-2019-23:59:04,,['307410CD2C02D9C000000001'],,b'101',,L reward
05-11-2019-23:59:05,,['307410CD2C02D9C000000001'],,b'101',,L reward
05-11-2019-23:59:06,,['307410CD2C02D9C000000001'],,b'101',,L reward
05-11-2019-23:59:07,,['307410CD2C02D9C000000001'],,b'101',,L reward
05-11-2019-23:59:08,,['307410CD2C02D9C000000001'],,b'101',,L reward
05-11-2019-23:59:09,,['307410CD2C02D9C000000001'],,b'101',,L reward
05-11-2019-23:59:10,,['307410CD2C02D9C000000001'],,b'101',,L reward
05-11-2019-23:59:11,,['307410CD2C02D9C000000001'],,b'101',,L reward
05-11-2019-23:59:12,,['307410CD2C02D9C000000001'],,b'101',,L reward
05-11-2019-23:59:13,,['307410CD2C02D9C000000001'],,b'101',,L reward
05-11-2019-23:59:14,,,,no_bat,,L reward
05-11-2019-23:59:15,play,,,no_bat,,L reward
05-11-2019-23:59:16,,,,no_bat,,L reward
05-11-2019-23:59:17,,,,no_bat,,L reward
05-11-2019-23:59:18,,,,no_bat,,L reward
05-11-2019-23:59:19,,,,no_bat,,L reward
05-11-2019-23:59:20,,,,no_bat,,L reward
05-11-2019-23:59:21,,,,no_bat,,L reward
05-11-2019-23:59:22,,,,no_bat,,L reward
05-11-2019-23:59:23,,,,no_bat,,L reward
05-11-2019-23:59:24,,,,no_bat,,L reward
05-11-2019-23:59:26,,,,no_bat,,L reward
05-11-2019-23:59:27,,,,no_bat,,L reward
05-11-2019-23:59:28,,,,no_bat,,L reward
05-11-2019-23:59:29,,,,no_bat,,L reward
05-11-2019-23:59:30,,,,no_bat,,L reward
05-11-2019-23:59:31,,,,no_bat,,L reward
05-11-2019-23:59:32,,,,no_bat,,L reward
05-11-2019-23:59:33,,,,no_bat,,L reward
05-11-2019-23:59:34,,,,no_bat,,L reward
05-11-2019-23:59:35,,,,no_bat,,L reward
05-11-2019-23:59:36,play,,,,,L reward
05-11-2019-23:59:37,,,,no_bat,,L reward
05-11-2019-23:59:38,,,,no_bat,,L reward
05-11-2019-23:59:39,,,,no_bat,,L reward
05-11-2019-23:59:40,,,,no_bat,,L reward
05-11-2019-23:59:41,,,,no_bat,,L reward
05-11-2019-23:59:42,,,,no_bat,,L reward
05-11-2019-23:59:43,,,,no_bat,,L reward
05-11-2019-23:59:44,,,,no_bat,,L reward
05-11-2019-23:59:45,,,,no_bat,,L reward
05-11-2019-23:59:46,,,,no_bat,,L reward
05-11-2019-23:59:47,,,,no_bat,,L reward
05-11-2019-23:59:48,,,,no_bat,,L reward
05-11-2019-23:59:49,,,,no_bat,,L reward
05-11-2019-23:59:50,,,,no_bat,,L reward
05-11-2019-23:59:51,,,,no_bat,,L reward
05-11-2019-23:59:52,,,,no_bat,,L reward
05-11-2019-23:59:53,,,,no_bat,,L reward
05-11-2019-23:59:54,,,,no_bat,,L reward
05-11-2019-23:59:55,,,,no_bat,,L reward
05-11-2019-23:59:56,,,,no_bat,,L reward
05-11-2019-23:59:57,,,,no_bat,,L reward
05-11-2019-23:59:58,play,,,,,L reward
05-11-2019-23:59:59,,,,no_bat,,L reward
